<?xml version="1.0" encoding="UTF-8"?><imdata totalCount="1"><fvTenant descr="" dn="uni/tn-sec-gorans-347558-2" name="sec-gorans-347558-2" nameAlias="" ownerKey="" ownerTag=""><vzFilter descr="" name="udp_5001" nameAlias="" ownerKey="" ownerTag=""><vzEntry applyToFrag="no" arpOpc="unspecified" dFromPort="5001" dToPort="5001" descr="" etherT="ip" icmpv4T="unspecified" icmpv6T="unspecified" matchDscp="unspecified" name="udp_5001" nameAlias="" prot="udp" sFromPort="unspecified" sToPort="unspecified" stateful="no" tcpRules=""/></vzFilter><vzFilter descr="" name="ssh" nameAlias="" ownerKey="" ownerTag=""><vzEntry applyToFrag="no" arpOpc="unspecified" dFromPort="22" dToPort="22" descr="" etherT="ip" icmpv4T="unspecified" icmpv6T="unspecified" matchDscp="unspecified" name="ssh" nameAlias="" prot="tcp" sFromPort="unspecified" sToPort="unspecified" stateful="no" tcpRules=""/></vzFilter><vzFilter descr="" name="http" nameAlias="" ownerKey="" ownerTag=""><vzEntry applyToFrag="no" arpOpc="unspecified" dFromPort="http" dToPort="http" descr="" etherT="ip" icmpv4T="unspecified" icmpv6T="unspecified" matchDscp="unspecified" name="http" nameAlias="" prot="tcp" sFromPort="unspecified" sToPort="unspecified" stateful="no" tcpRules=""/></vzFilter><vzBrCP descr="" name="app-to-db" nameAlias="" ownerKey="" ownerTag="" prio="unspecified" scope="context" targetDscp="unspecified"><vzSubj consMatchT="AtleastOne" descr="" name="fabric_only" nameAlias="" prio="unspecified" provMatchT="AtleastOne" revFltPorts="yes" targetDscp="unspecified"><vzRsSubjFiltAtt directives="" tnVzFilterName="arp"/></vzSubj><vzSubj consMatchT="AtleastOne" descr="" name="fabric_to_fw" nameAlias="" prio="unspecified" provMatchT="AtleastOne" revFltPorts="yes" targetDscp="unspecified"><vzRsSubjGraphAtt directives="" tnVnsAbsGraphName="l3-fw-ftdvha"/><vzRsSubjFiltAtt directives="" tnVzFilterName="ssh"/><vzRsSubjFiltAtt directives="" tnVzFilterName="http"/><vzRsSubjFiltAtt directives="" tnVzFilterName="udp_5001"/><vzRsSubjFiltAtt directives="" tnVzFilterName="icmp"/></vzSubj></vzBrCP><vzBrCP descr="" name="web-to-app" nameAlias="" ownerKey="" ownerTag="" prio="unspecified" scope="context" targetDscp="unspecified"><vzSubj consMatchT="AtleastOne" descr="" name="fabric_only" nameAlias="" prio="unspecified" provMatchT="AtleastOne" revFltPorts="yes" targetDscp="unspecified"><vzRsSubjFiltAtt directives="" tnVzFilterName="arp"/></vzSubj><vzSubj consMatchT="AtleastOne" descr="" name="fabric_to_fw" nameAlias="" prio="unspecified" provMatchT="AtleastOne" revFltPorts="yes" targetDscp="unspecified"><vzRsSubjGraphAtt directives="" tnVnsAbsGraphName="l3-fw-ftdvha"/><vzRsSubjFiltAtt directives="" tnVzFilterName="ssh"/><vzRsSubjFiltAtt directives="" tnVzFilterName="icmp"/><vzRsSubjFiltAtt directives="" tnVzFilterName="http"/><vzRsSubjFiltAtt directives="" tnVzFilterName="udp_5001"/></vzSubj></vzBrCP><vzBrCP descr="" name="out-to-web" nameAlias="" ownerKey="" ownerTag="" prio="unspecified" scope="context" targetDscp="unspecified"><vzSubj consMatchT="AtleastOne" descr="" name="fabric_to_fw" nameAlias="" prio="unspecified" provMatchT="AtleastOne" revFltPorts="yes" targetDscp="unspecified"><vzRsSubjGraphAtt directives="" tnVnsAbsGraphName="l3-fw-ftdvha"/><vzRsSubjFiltAtt directives="" tnVzFilterName="udp_5001"/><vzRsSubjFiltAtt directives="" tnVzFilterName="ssh"/><vzRsSubjFiltAtt directives="" tnVzFilterName="http"/><vzRsSubjFiltAtt directives="" tnVzFilterName="icmp"/></vzSubj><vzSubj consMatchT="AtleastOne" descr="" name="fabric_only" nameAlias="" prio="unspecified" provMatchT="AtleastOne" revFltPorts="yes" targetDscp="unspecified"><vzRsSubjFiltAtt directives="" tnVzFilterName="arp"/></vzSubj></vzBrCP><vnsLDevVip contextAware="single-Context" devtype="VIRTUAL" funcType="GoTo" isCopy="no" managed="yes" mode="legacy-Mode" name="vFTD-l3fw" nameAlias="" packageModel="VIRTUAL" promMode="no" svcType="FW" trunking="no"><vnsLIf encap="unknown" name="prov-nic" nameAlias=""><vnsRsMetaIf isConAndProv="no" tDn="uni/infra/mDev-CISCO-FTD_FI-1.1/mIfLbl-internal"/><vnsRsCIfAttN tDn="uni/tn-sec-gorans-347558-2/lDevVip-vFTD-l3fw/cDev-Device1/cIf-[GigabitEthernet0/1]"/><vnsRsCIfAttN tDn="uni/tn-sec-gorans-347558-2/lDevVip-vFTD-l3fw/cDev-Device2/cIf-[GigabitEthernet0/1]"/></vnsLIf><vnsLIf encap="unknown" name="cons-nic" nameAlias=""><vnsRsMetaIf isConAndProv="no" tDn="uni/infra/mDev-CISCO-FTD_FI-1.1/mIfLbl-external"/><vnsRsCIfAttN tDn="uni/tn-sec-gorans-347558-2/lDevVip-vFTD-l3fw/cDev-Device1/cIf-[GigabitEthernet0/1]"/><vnsRsCIfAttN tDn="uni/tn-sec-gorans-347558-2/lDevVip-vFTD-l3fw/cDev-Device2/cIf-[GigabitEthernet0/1]"/></vnsLIf><vnsRsALDevToDomP tDn="uni/vmmp-VMware/dom-vmware60-hybridcloud"/><vnsCMgmt host="10.0.0.30" name="" nameAlias="" port="443"/><vnsRsALDevToDevMgr tnVnsDevMgrName="fmc62"/><vnsCDev devCtxLbl="" name="Device2" nameAlias="" vcenterName="vc60-aci-1" vmName="acisec-vftd2-347558-2"><vnsCMgmt host="10.0.0.52" name="" nameAlias="" port="443"/><vnsCIf name="GigabitEthernet0/1" nameAlias="" vnicName="Network adapter 3"/><vnsCCredSecret name="password" nameAlias=""/><vnsCCred name="username" nameAlias="" value="apiuser"/></vnsCDev><vnsCDev devCtxLbl="" name="Device1" nameAlias="" vcenterName="vc60-aci-1" vmName="acisec-vftd1-347558-2"><vnsCMgmt host="10.0.0.51" name="" nameAlias="" port="443"/><vnsCIf name="GigabitEthernet0/1" nameAlias="" vnicName="Network adapter 3"/><vnsCCredSecret name="password" nameAlias=""/><vnsCCred name="username" nameAlias="" value="apiuser"/></vnsCDev><vnsCCredSecret name="password" nameAlias=""/><vnsRsMDevAtt tDn="uni/infra/mDev-CISCO-FTD_FI-1.1"/><vnsCCred name="username" nameAlias="" value="apiuser"/></vnsLDevVip><aaaDomainRef descr="" name="ACI-Security-Integration" nameAlias="" ownerKey="" ownerTag=""/><aaaDomainRef descr="" name="SecDo-sec-gorans-347558-2" nameAlias="" ownerKey="" ownerTag=""/><fvAp descr="" name="aProf" nameAlias="" ownerKey="" ownerTag="" prio="unspecified"><fvAEPg descr="" floodOnEncap="disabled" fwdCtrl="" isAttrBasedEPg="no" matchT="AtleastOne" name="app" nameAlias="" pcEnfPref="unenforced" prefGrMemb="exclude" prio="unspecified"><fvRsProv matchT="AtleastOne" prio="unspecified" tnVzBrCPName="web-to-app"/><fvRsDomAtt classPref="useg" delimiter="" encap="unknown" encapMode="auto" epgCos="Cos0" epgCosPref="disabled" instrImedcy="immediate" netflowDir="both" netflowPref="disabled" primaryEncap="unknown" primaryEncapInner="unknown" resImedcy="immediate" secondaryEncapInner="unknown" switchingMode="native" tDn="uni/vmmp-VMware/dom-vmware60-hybridcloud"/><fvRsCons prio="unspecified" tnVzBrCPName="app-to-db"/><fvRsCustQosPol tnQosCustomPolName=""/><fvRsBd tnFvBDName="BD1"/></fvAEPg><fvAEPg descr="" floodOnEncap="disabled" fwdCtrl="" isAttrBasedEPg="no" matchT="AtleastOne" name="failover" nameAlias="" pcEnfPref="unenforced" prefGrMemb="exclude" prio="unspecified"><fvRsDomAtt classPref="encap" delimiter="" encap="unknown" encapMode="auto" epgCos="Cos0" epgCosPref="disabled" instrImedcy="lazy" netflowDir="both" netflowPref="disabled" primaryEncap="unknown" primaryEncapInner="unknown" resImedcy="lazy" secondaryEncapInner="unknown" switchingMode="native" tDn="uni/vmmp-VMware/dom-vmware60-hybridcloud"/><fvRsCustQosPol tnQosCustomPolName=""/><fvRsBd tnFvBDName="failover-BD"/></fvAEPg><fvAEPg descr="" floodOnEncap="disabled" fwdCtrl="" isAttrBasedEPg="no" matchT="AtleastOne" name="web" nameAlias="" pcEnfPref="unenforced" prefGrMemb="exclude" prio="unspecified"><fvRsProv matchT="AtleastOne" prio="unspecified" tnVzBrCPName="out-to-web"/><fvRsDomAtt classPref="encap" delimiter="" encap="unknown" encapMode="auto" epgCos="Cos0" epgCosPref="disabled" instrImedcy="lazy" netflowDir="both" netflowPref="disabled" primaryEncap="unknown" primaryEncapInner="unknown" resImedcy="lazy" secondaryEncapInner="unknown" switchingMode="native" tDn="uni/vmmp-VMware/dom-vmware60-hybridcloud"/><fvRsCons prio="unspecified" tnVzBrCPName="web-to-app"/><fvRsCustQosPol tnQosCustomPolName=""/><fvRsBd tnFvBDName="BD1"/></fvAEPg><fvAEPg descr="" floodOnEncap="disabled" fwdCtrl="" isAttrBasedEPg="no" matchT="AtleastOne" name="db" nameAlias="" pcEnfPref="unenforced" prefGrMemb="exclude" prio="unspecified"><fvRsProv matchT="AtleastOne" prio="unspecified" tnVzBrCPName="app-to-db"/><fvRsDomAtt classPref="encap" delimiter="" encap="unknown" encapMode="auto" epgCos="Cos0" epgCosPref="disabled" instrImedcy="lazy" netflowDir="both" netflowPref="disabled" primaryEncap="unknown" primaryEncapInner="unknown" resImedcy="lazy" secondaryEncapInner="unknown" switchingMode="native" tDn="uni/vmmp-VMware/dom-vmware60-hybridcloud"/><fvRsCustQosPol tnQosCustomPolName=""/><fvRsBd tnFvBDName="BD1"/></fvAEPg></fvAp><fvRsTenantMonPol tnMonEPGPolName=""/><vnsAbsFuncProfContr descr="" name="" nameAlias="" ownerKey="" ownerTag=""><vnsAbsFuncProfGrp descr="" name="ftd-group" nameAlias="" ownerKey="" ownerTag=""><vnsAbsFuncProf descr="" name="ftdv-onearm" nameAlias="" ownerKey="" ownerTag="" srcMode=""><vnsRsProfToMFunc tDn="uni/infra/mDev-CISCO-FTD_FI-1.1/mFunc-FTD"/><vnsAbsFuncCfg descr="" name="funcConfig" nameAlias="" ownerKey="" ownerTag=""><vnsAbsFolder auxInfo="" cardinality="unspecified" devCtxLbl="" key="InIntfConfigRelFolder" locked="no" name="IntConfig" nameAlias="" profileBehaviorShared="yes" scopedBy="epg" srcRef=""><vnsAbsCfgRel cardinality="unspecified" key="InIntfConfigRel" locked="no" mandatory="no" name="InConfigrel" nameAlias="" targetName="oneinterface"/></vnsAbsFolder><vnsAbsFolder auxInfo="" cardinality="unspecified" devCtxLbl="" key="ExIntfConfigRelFolder" locked="no" name="ExtConfig" nameAlias="" profileBehaviorShared="yes" scopedBy="epg" srcRef=""><vnsAbsCfgRel cardinality="unspecified" key="ExIntfConfigRel" locked="no" mandatory="no" name="ExtConfigrel" nameAlias="" targetName="oneinterface"/></vnsAbsFolder><vnsAbsFolder auxInfo="" cardinality="unspecified" devCtxLbl="" key="AccessPolicyFolder" locked="no" name="AccessPolicyFolder" nameAlias="" profileBehaviorShared="yes" scopedBy="epg" srcRef=""><vnsAbsCfgRel cardinality="unspecified" key="InAccessPolicyRel" locked="no" mandatory="no" name="InAccessPolicyRel" nameAlias="" targetName="ftd-policy"/></vnsAbsFolder></vnsAbsFuncCfg><vnsAbsDevCfg descr="" name="devConfig" nameAlias="" ownerKey="" ownerTag=""><vnsAbsFolder auxInfo="" cardinality="unspecified" devCtxLbl="" key="InterfaceConfig" locked="no" name="oneinterface" nameAlias="" profileBehaviorShared="yes" scopedBy="epg" srcRef=""><vnsAbsParam auxInfo="" cardinality="unspecified" key="enabled" locked="no" mandatory="no" name="enabled" nameAlias="" srcRef="" validation="" value="true"/><vnsAbsParam auxInfo="" cardinality="unspecified" key="activeMACAddress" locked="no" mandatory="no" name="activeMACAddress" nameAlias="" srcRef="" validation="" value="0050.5611.1111"/><vnsAbsParam auxInfo="" cardinality="unspecified" key="ifname" locked="no" mandatory="no" name="ifname" nameAlias="" srcRef="" validation="" value="Consumer"/><vnsAbsFolder auxInfo="" cardinality="unspecified" devCtxLbl="" key="StaticRoute" locked="no" name="StaticRoute" nameAlias="" profileBehaviorShared="no" scopedBy="epg" srcRef=""><vnsAbsFolder auxInfo="" cardinality="unspecified" devCtxLbl="" key="IPv4StaticRoute" locked="no" name="IPv4StaticRoute" nameAlias="" profileBehaviorShared="no" scopedBy="epg" srcRef=""><vnsAbsParam auxInfo="" cardinality="unspecified" key="isTunneled" locked="no" mandatory="no" name="isTunneled" nameAlias="" srcRef="" validation="" value="false"/><vnsAbsParam auxInfo="" cardinality="unspecified" key="network" locked="no" mandatory="yes" name="network" nameAlias="" srcRef="" validation="" value="0.0.0.0/0.0.0.0"/><vnsAbsParam auxInfo="" cardinality="unspecified" key="metric" locked="no" mandatory="no" name="metric" nameAlias="" srcRef="" validation="" value="1"/><vnsAbsParam auxInfo="" cardinality="unspecified" key="gateway" locked="no" mandatory="yes" name="gateway" nameAlias="" srcRef="" validation="" value="10.1.0.2"/></vnsAbsFolder></vnsAbsFolder><vnsAbsFolder auxInfo="" cardinality="unspecified" devCtxLbl="" key="IPv4Config" locked="no" name="IPv4Config" nameAlias="" profileBehaviorShared="no" scopedBy="epg" srcRef=""><vnsAbsFolder auxInfo="" cardinality="unspecified" devCtxLbl="" key="static" locked="no" name="static" nameAlias="" profileBehaviorShared="no" scopedBy="epg" srcRef=""><vnsAbsParam auxInfo="" cardinality="unspecified" key="address" locked="no" mandatory="yes" name="address" nameAlias="" srcRef="" validation="" value="10.1.0.1/16"/></vnsAbsFolder></vnsAbsFolder><vnsAbsFolder auxInfo="" cardinality="unspecified" devCtxLbl="" key="int_security_zone" locked="no" name="int_security_zone" nameAlias="" profileBehaviorShared="no" scopedBy="epg" srcRef=""><vnsAbsCfgRel cardinality="unspecified" key="security_zone" locked="no" mandatory="no" name="security_zone" nameAlias="" targetName="fw-zone"/></vnsAbsFolder></vnsAbsFolder><vnsAbsFolder auxInfo="" cardinality="unspecified" devCtxLbl="" key="AccessPolicy" locked="no" name="ftd-policy" nameAlias="" profileBehaviorShared="yes" scopedBy="epg" srcRef=""><vnsAbsFolder auxInfo="" cardinality="unspecified" devCtxLbl="" key="AccessRule" locked="no" name="ftd-rule1" nameAlias="" profileBehaviorShared="no" scopedBy="epg" srcRef=""><vnsAbsParam auxInfo="" cardinality="unspecified" key="bidirectional" locked="no" mandatory="no" name="Bi-Directional" nameAlias="" srcRef="" validation="" value="true"/><vnsAbsFolder auxInfo="" cardinality="unspecified" devCtxLbl="" key="AccSourceZones" locked="no" name="AccSourceZones" nameAlias="" profileBehaviorShared="no" scopedBy="epg" srcRef=""><vnsAbsCfgRel cardinality="unspecified" key="SourceZones" locked="no" mandatory="no" name="SourceZone" nameAlias="" targetName="oneinterface/int_security_zone"/></vnsAbsFolder><vnsAbsFolder auxInfo="" cardinality="unspecified" devCtxLbl="" key="AccDestinationZones" locked="no" name="AccDestinationZones" nameAlias="" profileBehaviorShared="no" scopedBy="epg" srcRef=""><vnsAbsCfgRel cardinality="unspecified" key="DestinationZones" locked="no" mandatory="no" name="DestinationZone" nameAlias="" targetName="oneinterface/int_security_zone"/></vnsAbsFolder></vnsAbsFolder></vnsAbsFolder><vnsAbsFolder auxInfo="" cardinality="unspecified" devCtxLbl="" key="SecurityZone" locked="no" name="fw-zone" nameAlias="" profileBehaviorShared="yes" scopedBy="epg" srcRef=""><vnsAbsParam auxInfo="" cardinality="unspecified" key="type" locked="no" mandatory="no" name="type" nameAlias="" srcRef="" validation="" value="ROUTED"/></vnsAbsFolder></vnsAbsDevCfg></vnsAbsFuncProf></vnsAbsFuncProfGrp></vnsAbsFuncProfContr><fvCtx bdEnforcedEnable="no" descr="" knwMcastAct="permit" name="internalVRF" nameAlias="" ownerKey="" ownerTag="" pcEnfDir="ingress" pcEnfPref="enforced"><fvRsVrfValidationPol tnL3extVrfValidationPolName=""/><vzAny descr="" matchT="AtleastOne" name="" nameAlias="" prefGrMemb="disabled"/><fvRsOspfCtxPol tnOspfCtxPolName=""/><fvRsCtxToEpRet tnFvEpRetPolName=""/><fvRsCtxToExtRouteTagPol tnL3extRouteTagPolName=""/><fvRsBgpCtxPol tnBgpCtxPolName=""/></fvCtx><l3extOut descr="" enforceRtctrl="export" name="outside-L3Out3" nameAlias="" ownerKey="" ownerTag="" targetDscp="unspecified"><ospfExtP areaCost="1" areaCtrl="redistribute,summary" areaId="0.0.0.2" areaType="regular" descr="" multipodInternal="no" nameAlias=""/><l3extRsL3DomAtt tDn="uni/l3dom-ACI-Sec-Lab-L3Out3"/><l3extRsEctx tnFvCtxName="internalVRF"/><l3extLNodeP configIssues="" descr="" name="leafnp" nameAlias="" ownerKey="" ownerTag="" tag="yellow-green" targetDscp="unspecified"><l3extRsNodeL3OutAtt rtrId="102.0.0.1" rtrIdLoopBack="no" tDn="topology/pod-1/node-102"/><l3extLIfP descr="" name="leafip" nameAlias="" ownerKey="" ownerTag="" tag="yellow-green"><ospfIfP authKeyId="1" authType="none" descr="" name="" nameAlias=""><ospfRsIfPol tnOspfIfPolName=""/></ospfIfP><l3extRsPathL3OutAtt addr="10.60.0.1/24" autostate="disabled" descr="" encap="vlan-2052" encapScope="local" ifInstT="ext-svi" llAddr="::" mac="00:22:BD:F8:19:FF" mode="regular" mtu="1500" tDn="topology/pod-1/paths-102/pathep-[eth1/46]" targetDscp="unspecified"/><l3extRsNdIfPol tnNdIfPolName=""/><l3extRsIngressQosDppPol tnQosDppPolName=""/><l3extRsEgressQosDppPol tnQosDppPolName=""/></l3extLIfP></l3extLNodeP><l3extInstP descr="" floodOnEncap="disabled" matchT="AtleastOne" name="out-l3out3" nameAlias="" prefGrMemb="exclude" prio="unspecified" targetDscp="unspecified"><l3extSubnet aggregate="" descr="" ip="10.70.0.0/24" name="" nameAlias="" scope="import-security"/><fvRsCustQosPol tnQosCustomPolName=""/><fvRsCons prio="unspecified" tnVzBrCPName="out-to-web"/></l3extInstP></l3extOut><fvBD OptimizeWanBandwidth="no" arpFlood="no" descr="" epClear="no" epMoveDetectMode="" intersiteBumTrafficAllow="no" intersiteL2Stretch="no" ipLearning="yes" limitIpLearnToSubnets="yes" llAddr="::" mac="00:22:BD:F8:19:FF" mcastAllow="no" multiDstPktAct="bd-flood" name="BD1" nameAlias="" ownerKey="" ownerTag="" type="regular" unicastRoute="yes" unkMacUcastAct="proxy" unkMcastAct="flood" vmac="not-applicable"><fvSubnet ctrl="" descr="" ip="10.2.0.1/24" name="" nameAlias="" preferred="no" scope="private" virtual="no"/><fvSubnet ctrl="" descr="" ip="10.1.0.2/16" name="" nameAlias="" preferred="no" scope="public" virtual="no"/><fvRsIgmpsn tnIgmpSnoopPolName=""/><fvRsCtx tnFvCtxName="internalVRF"/><fvRsBdToEpRet resolveAct="resolve" tnFvEpRetPolName=""/><fvRsBDToOut tnL3extOutName="outside-L3Out3"/><fvRsBDToNdP tnNdIfPolName=""/></fvBD><fvBD OptimizeWanBandwidth="no" arpFlood="yes" descr="" epClear="no" epMoveDetectMode="" intersiteBumTrafficAllow="no" intersiteL2Stretch="no" ipLearning="yes" limitIpLearnToSubnets="yes" llAddr="::" mac="00:22:BD:F8:19:FF" mcastAllow="no" multiDstPktAct="bd-flood" name="failover-BD" nameAlias="" ownerKey="" ownerTag="" type="regular" unicastRoute="yes" unkMacUcastAct="flood" unkMcastAct="flood" vmac="not-applicable"><igmpIfP descr="" name="" nameAlias=""/><fvRsIgmpsn tnIgmpSnoopPolName=""/><fvRsCtx tnFvCtxName="internalVRF"/><fvRsBdToEpRet resolveAct="resolve" tnFvEpRetPolName=""/><fvRsBDToNdP tnNdIfPolName=""/></fvBD><vnsAbsGraph descr="" name="l3-fw-ftdvha" nameAlias="" ownerKey="" ownerTag="" uiTemplateType="UNSPECIFIED"><vnsAbsTermNodeProv descr="" name="T2" nameAlias="" ownerKey="" ownerTag=""><vnsOutTerm descr="" name="" nameAlias=""/><vnsInTerm descr="" name="" nameAlias=""/><vnsAbsTermConn attNotify="no" descr="" name="1" nameAlias="" ownerKey="" ownerTag=""/></vnsAbsTermNodeProv><vnsAbsTermNodeCon descr="" name="T1" nameAlias="" ownerKey="" ownerTag=""><vnsOutTerm descr="" name="" nameAlias=""/><vnsInTerm descr="" name="" nameAlias=""/><vnsAbsTermConn attNotify="no" descr="" name="1" nameAlias="" ownerKey="" ownerTag=""/></vnsAbsTermNodeCon><vnsAbsNode descr="" funcTemplateType="FW_ROUTED" funcType="GoTo" isCopy="no" managed="yes" name="N1" nameAlias="" ownerKey="" ownerTag="" routingMode="Redirect" sequenceNumber="0" shareEncap="no"><vnsRsNodeToMFunc tDn="uni/infra/mDev-CISCO-FTD_FI-1.1/mFunc-FTD"/><vnsRsNodeToLDev tDn="uni/tn-sec-gorans-347558-2/lDevVip-vFTD-l3fw"/><vnsRsNodeToAbsFuncProf tDn="uni/tn-sec-gorans-347558-2/absFuncProfContr/absFuncProfGrp-ftd-group/absFuncProf-ftdv-onearm"/><vnsAbsFuncConn attNotify="no" descr="" name="consumer" nameAlias="" ownerKey="" ownerTag=""><vnsRsMConnAtt tDn="uni/infra/mDev-CISCO-FTD_FI-1.1/mFunc-FTD/mConn-external"/></vnsAbsFuncConn><vnsAbsFuncConn attNotify="no" descr="" name="provider" nameAlias="" ownerKey="" ownerTag=""><vnsRsMConnAtt tDn="uni/infra/mDev-CISCO-FTD_FI-1.1/mFunc-FTD/mConn-internal"/></vnsAbsFuncConn></vnsAbsNode><vnsAbsConnection adjType="L3" connDir="provider" connType="external" descr="" directConnect="no" name="C2" nameAlias="" ownerKey="" ownerTag="" unicastRoute="yes"><vnsRsAbsConnectionConns tDn="uni/tn-sec-gorans-347558-2/AbsGraph-l3-fw-ftdvha/AbsNode-N1/AbsFConn-provider"/><vnsRsAbsConnectionConns tDn="uni/tn-sec-gorans-347558-2/AbsGraph-l3-fw-ftdvha/AbsTermNodeProv-T2/AbsTConn"/></vnsAbsConnection><vnsAbsConnection adjType="L3" connDir="provider" connType="external" descr="" directConnect="no" name="C1" nameAlias="" ownerKey="" ownerTag="" unicastRoute="yes"><vnsRsAbsConnectionConns tDn="uni/tn-sec-gorans-347558-2/AbsGraph-l3-fw-ftdvha/AbsTermNodeCon-T1/AbsTConn"/><vnsRsAbsConnectionConns tDn="uni/tn-sec-gorans-347558-2/AbsGraph-l3-fw-ftdvha/AbsNode-N1/AbsFConn-consumer"/></vnsAbsConnection></vnsAbsGraph><vnsDevMgr descr="" name="fmc62" nameAlias="" ownerKey="" ownerTag=""><vnsRsDevMgrToMDevMgr tDn="uni/infra/mDevMgr-CISCO-FTDmgr_FI-1.1"/><vnsCMgmts host="198.19.193.23" name="" nameAlias="" port="44330"/><vnsCCredSecret name="password" nameAlias=""/><vnsCCred name="username" nameAlias="" value="apiuser"/></vnsDevMgr><vnsSvcCont><vnsSvcRedirectPol descr="" hashingAlgorithm="sip-dip-prototype" maxThresholdPercent="0" minThresholdPercent="0" name="pbr" nameAlias="" ownerKey="" ownerTag="" programLocalPodOnly="no" thresholdDownAction="permit" thresholdEnable="no"><vnsRedirectDest descr="" ip="10.1.0.1" ip2="0.0.0.0" mac="00:50:56:11:11:11" name="" nameAlias="" podId="1"/></vnsSvcRedirectPol></vnsSvcCont><vnsLDevCtx context="" ctrctNameOrLbl="any" descr="" graphNameOrLbl="l3-fw-ftdvha" name="" nameAlias="" nodeNameOrLbl="N1"><vnsRsLDevCtxToLDev tDn="uni/tn-sec-gorans-347558-2/lDevVip-vFTD-l3fw"/><vnsLIfCtx connNameOrLbl="consumer" descr="" name="consumer" nameAlias="" permitLog="no"><vnsRsLIfCtxToSvcRedirectPol tDn="uni/tn-sec-gorans-347558-2/svcCont/svcRedirectPol-pbr"/><vnsRsLIfCtxToLIf tDn="uni/tn-sec-gorans-347558-2/lDevVip-vFTD-l3fw/lIf-cons-nic"/><vnsRsLIfCtxToBD tDn="uni/tn-sec-gorans-347558-2/BD-BD1"/></vnsLIfCtx><vnsLIfCtx connNameOrLbl="provider" descr="" name="provider" nameAlias="" permitLog="no"><vnsRsLIfCtxToSvcRedirectPol tDn="uni/tn-sec-gorans-347558-2/svcCont/svcRedirectPol-pbr"/><vnsRsLIfCtxToLIf tDn="uni/tn-sec-gorans-347558-2/lDevVip-vFTD-l3fw/lIf-prov-nic"/><vnsRsLIfCtxToBD tDn="uni/tn-sec-gorans-347558-2/BD-BD1"/></vnsLIfCtx></vnsLDevCtx></fvTenant></imdata>
