{
	"info": {
		"_postman_id": "00bb2636-f16e-45f2-8760-1fed9ddbb74b",
		"name": "4 - aci-vars",
		"schema": "https://schema.getpostman.com/json/collection/v2.1.0/collection.json"
	},
	"item": [
		{
			"name": "@varsFromSessionFile",
			"event": [
				{
					"listen": "test",
					"script": {
						"exec": [
							"var resp = xml2Json(responseBody)\r",
							"var resp2 = resp.session\r",
							"var resp3 = resp.session\r",
							"pm.globals.set(\"username\", resp3.owner)\r",
							"pm.globals.set(\"password\", \"p\"+resp3.owner)\r",
							"pm.globals.set(\"csr\", resp3.csrIP)\r",
							"pm.globals.set(\"vlan\", resp3.vlan)\r",
							"pm.globals.set(\"session_id\", resp3.id)\r",
							"pm.globals.set(\"apic\", \"apic.svpod.dc-01.com\")\r",
							"pm.globals.set(\"aci_baseurl\", \"https://apic.svpod.dc-01.com\")\r",
							"console.log(resp3.owner)"
						],
						"type": "text/javascript"
					}
				},
				{
					"listen": "prerequest",
					"script": {
						"exec": [
							""
						],
						"type": "text/javascript"
					}
				}
			],
			"request": {
				"method": "GET",
				"header": [],
				"url": {
					"raw": "http://csr:8002/session.xml",
					"protocol": "http",
					"host": [
						"csr"
					],
					"port": "8002",
					"path": [
						"session.xml"
					]
				}
			},
			"response": []
		},
		{
			"name": "0. auth",
			"request": {
				"auth": {
					"type": "noauth"
				},
				"method": "POST",
				"header": [],
				"body": {
					"mode": "raw",
					"raw": "{\r\n    \"aaaUser\": {\r\n        \"attributes\": {\r\n            \"name\": \"{{username}}\",\r\n            \"pwd\": \"{{password}}\"\r\n        }\r\n    }\r\n}",
					"options": {
						"raw": {
							"language": "json"
						}
					}
				},
				"url": {
					"raw": "https://{{apic}}/api/aaaLogin.json",
					"protocol": "https",
					"host": [
						"{{apic}}"
					],
					"path": [
						"api",
						"aaaLogin.json"
					]
				}
			},
			"response": []
		},
		{
			"name": "1. addGraphTemplate",
			"request": {
				"method": "POST",
				"header": [],
				"body": {
					"mode": "raw",
					"raw": "{\r\n    \"vnsAbsGraph\": {\r\n        \"attributes\": {\r\n            \"dn\": \"uni/tn-{{username}}/AbsGraph-ftd-graph\",\r\n            \"name\": \"ftd-graph\",\r\n            \"status\": \"created,modified\",\r\n            \"rn\": \"AbsGraph-ftd-graph\"\r\n        },\r\n        \"children\": [\r\n            {\r\n                \"vnsAbsConnection\": {\r\n                    \"attributes\": {\r\n                        \"dn\": \"uni/tn-{{username}}/AbsGraph-ftd-graph/AbsConnection-C1\",\r\n                        \"name\": \"C1\",\r\n                        \"adjType\": \"L3\",\r\n                        \"status\": \"created,modified\",\r\n                        \"rn\": \"AbsConnection-C1\"\r\n                    },\r\n                    \"children\": [\r\n                        {\r\n                            \"vnsRsAbsConnectionConns\": {\r\n                                \"attributes\": {\r\n                                    \"tDn\": \"uni/tn-{{username}}/AbsGraph-ftd-graph/AbsTermNodeCon-T1/AbsTConn\",\r\n                                    \"status\": \"created,modified\"\r\n                                },\r\n                                \"children\": []\r\n                            }\r\n                        },\r\n                        {\r\n                            \"vnsRsAbsConnectionConns\": {\r\n                                \"attributes\": {\r\n                                    \"tDn\": \"uni/tn-{{username}}/AbsGraph-ftd-graph/AbsNode-N1/AbsFConn-consumer\",\r\n                                    \"status\": \"created,modified\"\r\n                                },\r\n                                \"children\": []\r\n                            }\r\n                        }\r\n                    ]\r\n                }\r\n            },\r\n            {\r\n                \"vnsAbsConnection\": {\r\n                    \"attributes\": {\r\n                        \"dn\": \"uni/tn-{{username}}/AbsGraph-ftd-graph/AbsConnection-C2\",\r\n                        \"name\": \"C2\",\r\n                        \"adjType\": \"L3\",\r\n                        \"status\": \"created,modified\",\r\n                        \"rn\": \"AbsConnection-C2\"\r\n                    },\r\n                    \"children\": [\r\n                        {\r\n                            \"vnsRsAbsConnectionConns\": {\r\n                                \"attributes\": {\r\n                                    \"tDn\": \"uni/tn-{{username}}/AbsGraph-ftd-graph/AbsNode-N1/AbsFConn-provider\",\r\n                                    \"status\": \"created,modified\"\r\n                                },\r\n                                \"children\": []\r\n                            }\r\n                        },\r\n                        {\r\n                            \"vnsRsAbsConnectionConns\": {\r\n                                \"attributes\": {\r\n                                    \"tDn\": \"uni/tn-{{username}}/AbsGraph-ftd-graph/AbsTermNodeProv-T2/AbsTConn\",\r\n                                    \"status\": \"created,modified\"\r\n                                },\r\n                                \"children\": []\r\n                            }\r\n                        }\r\n                    ]\r\n                }\r\n            },\r\n            {\r\n                \"vnsAbsNode\": {\r\n                    \"attributes\": {\r\n                        \"dn\": \"uni/tn-{{username}}/AbsGraph-ftd-graph/AbsNode-N1\",\r\n                        \"name\": \"N1\",\r\n                        \"managed\": \"false\",\r\n                        \"funcTemplateType\": \"FW_ROUTED\",\r\n                        \"status\": \"created,modified\",\r\n                        \"routingMode\": \"Redirect\",\r\n                        \"rn\": \"AbsNode-N1\"\r\n                    },\r\n                    \"children\": [\r\n                        {\r\n                            \"vnsAbsFuncConn\": {\r\n                                \"attributes\": {\r\n                                    \"dn\": \"uni/tn-{{username}}/AbsGraph-ftd-graph/AbsNode-N1/AbsFConn-consumer\",\r\n                                    \"name\": \"consumer\",\r\n                                    \"status\": \"created,modified\",\r\n                                    \"rn\": \"AbsFConn-consumer\"\r\n                                },\r\n                                \"children\": []\r\n                            }\r\n                        },\r\n                        {\r\n                            \"vnsAbsFuncConn\": {\r\n                                \"attributes\": {\r\n                                    \"dn\": \"uni/tn-{{username}}/AbsGraph-ftd-graph/AbsNode-N1/AbsFConn-provider\",\r\n                                    \"name\": \"provider\",\r\n                                    \"status\": \"created,modified\",\r\n                                    \"rn\": \"AbsFConn-provider\"\r\n                                },\r\n                                \"children\": []\r\n                            }\r\n                        },\r\n                        {\r\n                            \"vnsRsNodeToLDev\": {\r\n                                \"attributes\": {\r\n                                    \"tDn\": \"uni/tn-{{username}}/lDevVip-ftd-ha\",\r\n                                    \"status\": \"created,modified\"\r\n                                },\r\n                                \"children\": []\r\n                            }\r\n                        }\r\n                    ]\r\n                }\r\n            },\r\n            {\r\n                \"vnsAbsTermNodeCon\": {\r\n                    \"attributes\": {\r\n                        \"dn\": \"uni/tn-{{username}}/AbsGraph-ftd-graph/AbsTermNodeCon-T1\",\r\n                        \"name\": \"T1\",\r\n                        \"status\": \"created,modified\",\r\n                        \"rn\": \"AbsTermNodeCon-T1\"\r\n                    },\r\n                    \"children\": [\r\n                        {\r\n                            \"vnsAbsTermConn\": {\r\n                                \"attributes\": {\r\n                                    \"dn\": \"uni/tn-{{username}}/AbsGraph-ftd-graph/AbsTermNodeCon-T1/AbsTConn\",\r\n                                    \"name\": \"1\",\r\n                                    \"status\": \"created,modified\",\r\n                                    \"rn\": \"AbsTConn\"\r\n                                },\r\n                                \"children\": []\r\n                            }\r\n                        }\r\n                    ]\r\n                }\r\n            },\r\n            {\r\n                \"vnsAbsTermNodeProv\": {\r\n                    \"attributes\": {\r\n                        \"dn\": \"uni/tn-{{username}}/AbsGraph-ftd-graph/AbsTermNodeProv-T2\",\r\n                        \"name\": \"T2\",\r\n                        \"status\": \"created,modified\",\r\n                        \"rn\": \"AbsTermNodeProv-T2\"\r\n                    },\r\n                    \"children\": [\r\n                        {\r\n                            \"vnsAbsTermConn\": {\r\n                                \"attributes\": {\r\n                                    \"dn\": \"uni/tn-{{username}}/AbsGraph-ftd-graph/AbsTermNodeProv-T2/AbsTConn\",\r\n                                    \"name\": \"1\",\r\n                                    \"status\": \"created,modified\",\r\n                                    \"rn\": \"AbsTConn\"\r\n                                },\r\n                                \"children\": []\r\n                            }\r\n                        }\r\n                    ]\r\n                }\r\n            }\r\n        ]\r\n    }\r\n}",
					"options": {
						"raw": {
							"language": "json"
						}
					}
				},
				"url": {
					"raw": "{{aci_baseurl}}/api/node/mo/uni/tn-{{username}}/AbsGraph-ftd-graph.json",
					"host": [
						"{{aci_baseurl}}"
					],
					"path": [
						"api",
						"node",
						"mo",
						"uni",
						"tn-{{username}}",
						"AbsGraph-ftd-graph.json"
					]
				}
			},
			"response": []
		},
		{
			"name": "2a. applyGraphL3out",
			"request": {
				"method": "POST",
				"header": [],
				"body": {
					"mode": "raw",
					"raw": "{\r\n    \"fvTenant\": {\r\n        \"attributes\": {\r\n            \"dn\": \"uni/tn-{{username}}\",\r\n            \"status\": \"modified\"\r\n        },\r\n        \"children\": [\r\n            {\r\n                \"fvAp\": {\r\n                    \"attributes\": {\r\n                        \"dn\": \"uni/tn-{{username}}/ap-aProf\",\r\n                        \"status\": \"modified\"\r\n                    },\r\n                    \"children\": [\r\n                        {\r\n                            \"fvAEPg\": {\r\n                                \"attributes\": {\r\n                                    \"dn\": \"uni/tn-{{username}}/ap-aProf/epg-web\",\r\n                                    \"status\": \"modified\"\r\n                                },\r\n                                \"children\": [\r\n                                    {\r\n                                        \"fvRsProv\": {\r\n                                            \"attributes\": {\r\n                                                \"tnVzBrCPName\": \"{{contract_name}}\",\r\n                                                \"status\": \"created,modified\"\r\n                                            },\r\n                                            \"children\": []\r\n                                        }\r\n                                    }\r\n                                ]\r\n                            }\r\n                        }\r\n                    ]\r\n                }\r\n            },\r\n            {\r\n                \"vzBrCP\": {\r\n                    \"attributes\": {\r\n                        \"dn\": \"uni/tn-{{username}}/brc-{{contract_name}}\",\r\n                        \"status\": \"modified\"\r\n                    },\r\n                    \"children\": [\r\n                        {\r\n                            \"vzSubj\": {\r\n                                \"attributes\": {\r\n                                    \"dn\": \"uni/tn-{{username}}/brc-{{contract_name}}/subj-fabric_to_fw\",\r\n                                    \"status\": \"modified\"\r\n                                },\r\n                                \"children\": [\r\n                                    {\r\n                                        \"vzRsSubjGraphAtt\": {\r\n                                            \"attributes\": {\r\n                                                \"tnVnsAbsGraphName\": \"ftd-graph\",\r\n                                                \"status\": \"created,modified\"\r\n                                            },\r\n                                            \"children\": []\r\n                                        }\r\n                                    }\r\n                                ]\r\n                            }\r\n                        }\r\n                    ]\r\n                }\r\n            },\r\n            {\r\n                \"vnsLDevCtx\": {\r\n                    \"attributes\": {\r\n                        \"dn\": \"uni/tn-{{username}}/ldevCtx-c-{{contract_name}}-g-ftd-graph-n-N1\",\r\n                        \"ctrctNameOrLbl\": \"{{contract_name}}\",\r\n                        \"graphNameOrLbl\": \"ftd-graph\",\r\n                        \"nodeNameOrLbl\": \"N1\",\r\n                        \"status\": \"created,modified\",\r\n                        \"rn\": \"ldevCtx-c-{{contract_name}}-g-ftd-graph-n-N1\"\r\n                    },\r\n                    \"children\": [\r\n                        {\r\n                            \"vnsLIfCtx\": {\r\n                                \"attributes\": {\r\n                                    \"dn\": \"uni/tn-{{username}}/ldevCtx-c-{{contract_name}}-g-ftd-graph-n-N1/lIfCtx-c-consumer\",\r\n                                    \"connNameOrLbl\": \"consumer\",\r\n                                    \"status\": \"created,modified\",\r\n                                    \"rn\": \"lIfCtx-c-consumer\"\r\n                                },\r\n                                \"children\": [\r\n                                    {\r\n                                        \"vnsRsLIfCtxToBD\": {\r\n                                            \"attributes\": {\r\n                                                \"tDn\": \"uni/tn-{{username}}/BD-{{sbd_name}}\",\r\n                                                \"status\": \"created,modified\"\r\n                                            },\r\n                                            \"children\": []\r\n                                        }\r\n                                    },\r\n                                    {\r\n                                        \"vnsRsLIfCtxToLIf\": {\r\n                                            \"attributes\": {\r\n                                                \"tDn\": \"uni/tn-{{username}}/lDevVip-ftd-ha/lIf-{{contract_name}}\",\r\n                                                \"status\": \"created,modified\"\r\n                                            },\r\n                                            \"children\": []\r\n                                        }\r\n                                    },\r\n                                    {\r\n                                        \"vnsRsLIfCtxToSvcRedirectPol\": {\r\n                                            \"attributes\": {\r\n                                                \"tDn\": \"uni/tn-{{username}}/svcCont/svcRedirectPol-pbr-{{contract_name}}\",\r\n                                                \"status\": \"created,modified\"\r\n                                            },\r\n                                            \"children\": []\r\n                                        }\r\n                                    }\r\n                                ]\r\n                            }\r\n                        },\r\n                        {\r\n                            \"vnsLIfCtx\": {\r\n                                \"attributes\": {\r\n                                    \"dn\": \"uni/tn-{{username}}/ldevCtx-c-{{contract_name}}-g-ftd-graph-n-N1/lIfCtx-c-provider\",\r\n                                    \"connNameOrLbl\": \"provider\",\r\n                                    \"status\": \"created,modified\",\r\n                                    \"rn\": \"lIfCtx-c-provider\"\r\n                                },\r\n                                \"children\": [\r\n                                    {\r\n                                        \"vnsRsLIfCtxToBD\": {\r\n                                            \"attributes\": {\r\n                                                \"tDn\": \"uni/tn-{{username}}/BD-{{sbd_name}}\",\r\n                                                \"status\": \"created,modified\"\r\n                                            },\r\n                                            \"children\": []\r\n                                        }\r\n                                    },\r\n                                    {\r\n                                        \"vnsRsLIfCtxToLIf\": {\r\n                                            \"attributes\": {\r\n                                                \"tDn\": \"uni/tn-{{username}}/lDevVip-ftd-ha/lIf-{{contract_name}}\",\r\n                                                \"status\": \"created,modified\"\r\n                                            },\r\n                                            \"children\": []\r\n                                        }\r\n                                    },\r\n                                    {\r\n                                        \"vnsRsLIfCtxToSvcRedirectPol\": {\r\n                                            \"attributes\": {\r\n                                                \"tDn\": \"uni/tn-{{username}}/svcCont/svcRedirectPol-pbr-{{contract_name}}\",\r\n                                                \"status\": \"created,modified\"\r\n                                            },\r\n                                            \"children\": []\r\n                                        }\r\n                                    }\r\n                                ]\r\n                            }\r\n                        },\r\n                        {\r\n                            \"vnsRsLDevCtxToLDev\": {\r\n                                \"attributes\": {\r\n                                    \"tDn\": \"uni/tn-{{username}}/lDevVip-ftd-ha\",\r\n                                    \"status\": \"created,modified\"\r\n                                },\r\n                                \"children\": []\r\n                            }\r\n                        }\r\n                    ]\r\n                }\r\n            },\r\n            {\r\n                \"l3extOut\": {\r\n                    \"attributes\": {\r\n                        \"dn\": \"uni/tn-{{username}}/out-outside-L3Out3\",\r\n                        \"status\": \"modified\"\r\n                    },\r\n                    \"children\": [\r\n                        {\r\n                            \"l3extInstP\": {\r\n                                \"attributes\": {\r\n                                    \"dn\": \"uni/tn-{{username}}/out-outside-L3Out3/instP-out-l3out3\",\r\n                                    \"status\": \"modified\"\r\n                                },\r\n                                \"children\": [\r\n                                    {\r\n                                        \"fvRsCons\": {\r\n                                            \"attributes\": {\r\n                                                \"tnVzBrCPName\": \"{{contract_name}}\",\r\n                                                \"status\": \"created,modified\"\r\n                                            },\r\n                                            \"children\": []\r\n                                        }\r\n                                    }\r\n                                ]\r\n                            }\r\n                        }\r\n                    ]\r\n                }\r\n            }\r\n        ]\r\n    }\r\n}",
					"options": {
						"raw": {
							"language": "json"
						}
					}
				},
				"url": {
					"raw": "{{aci_baseurl}}/api/node/mo/uni/tn-{{username}}.json",
					"host": [
						"{{aci_baseurl}}"
					],
					"path": [
						"api",
						"node",
						"mo",
						"uni",
						"tn-{{username}}.json"
					]
				}
			},
			"response": []
		},
		{
			"name": "2b. applyGraphsEpg",
			"request": {
				"method": "POST",
				"header": [],
				"body": {
					"mode": "raw",
					"raw": "{\r\n    \"fvTenant\": {\r\n        \"attributes\": {\r\n            \"dn\": \"uni/tn-{{username}}\",\r\n            \"status\": \"modified\"\r\n        },\r\n        \"children\": [\r\n            {\r\n                \"fvAp\": {\r\n                    \"attributes\": {\r\n                        \"dn\": \"uni/tn-{{username}}/ap-aProf\",\r\n                        \"status\": \"modified\"\r\n                    },\r\n                    \"children\": [\r\n                        {\r\n                            \"fvAEPg\": {\r\n                                \"attributes\": {\r\n                                    \"dn\": \"uni/tn-{{username}}/ap-aProf/epg-{{cons_epg}}\",\r\n                                    \"status\": \"modified\"\r\n                                },\r\n                                \"children\": [\r\n                                    {\r\n                                        \"fvRsCons\": {\r\n                                            \"attributes\": {\r\n                                                \"tnVzBrCPName\": \"{{contract_name}}\",\r\n                                                \"status\": \"created,modified\"\r\n                                            },\r\n                                            \"children\": []\r\n                                        }\r\n                                    }\r\n                                ]\r\n                            }\r\n                        },\r\n                        {\r\n                            \"fvAEPg\": {\r\n                                \"attributes\": {\r\n                                    \"dn\": \"uni/tn-{{username}}/ap-aProf/epg-{{prov_epg}}\",\r\n                                    \"status\": \"modified\"\r\n                                },\r\n                                \"children\": [\r\n                                    {\r\n                                        \"fvRsProv\": {\r\n                                            \"attributes\": {\r\n                                                \"tnVzBrCPName\": \"{{contract_name}}\",\r\n                                                \"status\": \"created,modified\"\r\n                                            },\r\n                                            \"children\": []\r\n                                        }\r\n                                    }\r\n                                ]\r\n                            }\r\n                        }\r\n                    ]\r\n                }\r\n            },\r\n            {\r\n                \"vzBrCP\": {\r\n                    \"attributes\": {\r\n                        \"dn\": \"uni/tn-{{username}}/brc-{{contract_name}}\",\r\n                        \"status\": \"modified\"\r\n                    },\r\n                    \"children\": [\r\n                        {\r\n                            \"vzSubj\": {\r\n                                \"attributes\": {\r\n                                    \"dn\": \"uni/tn-{{username}}/brc-{{contract_name}}/subj-fabric_to_fw\",\r\n                                    \"status\": \"modified\"\r\n                                },\r\n                                \"children\": [\r\n                                    {\r\n                                        \"vzRsSubjGraphAtt\": {\r\n                                            \"attributes\": {\r\n                                                \"tnVnsAbsGraphName\": \"ftd-graph\",\r\n                                                \"status\": \"created,modified\"\r\n                                            },\r\n                                            \"children\": []\r\n                                        }\r\n                                    }\r\n                                ]\r\n                            }\r\n                        }\r\n                    ]\r\n                }\r\n            },\r\n            {\r\n                \"vnsLDevCtx\": {\r\n                    \"attributes\": {\r\n                        \"dn\": \"uni/tn-{{username}}/ldevCtx-c-{{contract_name}}-g-ftd-graph-n-N1\",\r\n                        \"ctrctNameOrLbl\": \"{{contract_name}}\",\r\n                        \"graphNameOrLbl\": \"ftd-graph\",\r\n                        \"nodeNameOrLbl\": \"N1\",\r\n                        \"status\": \"created,modified\",\r\n                        \"rn\": \"ldevCtx-c-{{contract_name}}-g-ftd-graph-n-N1\"\r\n                    },\r\n                    \"children\": [\r\n                        {\r\n                            \"vnsLIfCtx\": {\r\n                                \"attributes\": {\r\n                                    \"dn\": \"uni/tn-{{username}}/ldevCtx-c-{{contract_name}}-g-ftd-graph-n-N1/lIfCtx-c-consumer\",\r\n                                    \"connNameOrLbl\": \"consumer\",\r\n                                    \"status\": \"created,modified\",\r\n                                    \"rn\": \"lIfCtx-c-consumer\"\r\n                                },\r\n                                \"children\": [\r\n                                    {\r\n                                        \"vnsRsLIfCtxToBD\": {\r\n                                            \"attributes\": {\r\n                                                \"tDn\": \"uni/tn-{{username}}/BD-{{sbd_name}}\",\r\n                                                \"status\": \"created,modified\"\r\n                                            },\r\n                                            \"children\": []\r\n                                        }\r\n                                    },\r\n                                    {\r\n                                        \"vnsRsLIfCtxToLIf\": {\r\n                                            \"attributes\": {\r\n                                                \"tDn\": \"uni/tn-{{username}}/lDevVip-ftd-ha/lIf-{{contract_name}}\",\r\n                                                \"status\": \"created,modified\"\r\n                                            },\r\n                                            \"children\": []\r\n                                        }\r\n                                    },\r\n                                    {\r\n                                        \"vnsRsLIfCtxToSvcRedirectPol\": {\r\n                                            \"attributes\": {\r\n                                                \"tDn\": \"uni/tn-{{username}}/svcCont/svcRedirectPol-pbr-{{contract_name}}\",\r\n                                                \"status\": \"created,modified\"\r\n                                            },\r\n                                            \"children\": []\r\n                                        }\r\n                                    }\r\n                                ]\r\n                            }\r\n                        },\r\n                        {\r\n                            \"vnsLIfCtx\": {\r\n                                \"attributes\": {\r\n                                    \"dn\": \"uni/tn-{{username}}/ldevCtx-c-{{contract_name}}-g-ftd-graph-n-N1/lIfCtx-c-provider\",\r\n                                    \"connNameOrLbl\": \"provider\",\r\n                                    \"status\": \"created,modified\",\r\n                                    \"rn\": \"lIfCtx-c-provider\"\r\n                                },\r\n                                \"children\": [\r\n                                    {\r\n                                        \"vnsRsLIfCtxToBD\": {\r\n                                            \"attributes\": {\r\n                                                \"tDn\": \"uni/tn-{{username}}/BD-{{sbd_name}}\",\r\n                                                \"status\": \"created,modified\"\r\n                                            },\r\n                                            \"children\": []\r\n                                        }\r\n                                    },\r\n                                    {\r\n                                        \"vnsRsLIfCtxToLIf\": {\r\n                                            \"attributes\": {\r\n                                                \"tDn\": \"uni/tn-{{username}}/lDevVip-ftd-ha/lIf-{{contract_name}}\",\r\n                                                \"status\": \"created,modified\"\r\n                                            },\r\n                                            \"children\": []\r\n                                        }\r\n                                    },\r\n                                    {\r\n                                        \"vnsRsLIfCtxToSvcRedirectPol\": {\r\n                                            \"attributes\": {\r\n                                                \"tDn\": \"uni/tn-{{username}}/svcCont/svcRedirectPol-pbr-{{contract_name}}\",\r\n                                                \"status\": \"created,modified\"\r\n                                            },\r\n                                            \"children\": []\r\n                                        }\r\n                                    }\r\n                                ]\r\n                            }\r\n                        },\r\n                        {\r\n                            \"vnsRsLDevCtxToLDev\": {\r\n                                \"attributes\": {\r\n                                    \"tDn\": \"uni/tn-{{username}}/lDevVip-ftd-ha\",\r\n                                    \"status\": \"created,modified\"\r\n                                },\r\n                                \"children\": []\r\n                            }\r\n                        }\r\n                    ]\r\n                }\r\n            }\r\n        ]\r\n    }\r\n}",
					"options": {
						"raw": {
							"language": "json"
						}
					}
				},
				"url": {
					"raw": "{{aci_baseurl}}/api/node/mo/uni/tn-{{username}}.json",
					"host": [
						"{{aci_baseurl}}"
					],
					"path": [
						"api",
						"node",
						"mo",
						"uni",
						"tn-{{username}}.json"
					]
				}
			},
			"response": []
		},
		{
			"name": "1a. removeContractConsL3out",
			"request": {
				"method": "POST",
				"header": [
					{
						"key": "Content-Type",
						"type": "text",
						"value": "application/json"
					},
					{
						"key": "Accept",
						"type": "text",
						"value": "application/json"
					},
					{
						"key": "",
						"type": "text",
						"value": ""
					}
				],
				"body": {
					"mode": "raw",
					"raw": "{\r\n    \"fvRsCons\": {\r\n        \"attributes\": {\r\n            \"dn\": \"uni/tn-{{username}}/out-outside-L3Out3/instP-out-l3out3/rscons-{{contract_name}}\",\r\n            \"status\": \"deleted\"\r\n        },\r\n        \"children\": []\r\n    }\r\n}",
					"options": {
						"raw": {
							"language": "json"
						}
					}
				},
				"url": {
					"raw": "{{aci_baseurl}}/api/node/mo/uni/tn-{{username}}/out-outside-L3Out3/instP-out-l3out3/rscons-{{contract_name}}.json",
					"host": [
						"{{aci_baseurl}}"
					],
					"path": [
						"api",
						"node",
						"mo",
						"uni",
						"tn-{{username}}",
						"out-outside-L3Out3",
						"instP-out-l3out3",
						"rscons-{{contract_name}}.json"
					]
				}
			},
			"response": [
				{
					"name": "removeContractEPG",
					"originalRequest": {
						"method": "POST",
						"header": [
							{
								"key": "Content-Type",
								"value": "application/json",
								"type": "text"
							},
							{
								"key": "Accept",
								"value": "application/json",
								"type": "text"
							}
						],
						"body": {
							"mode": "raw",
							"raw": "{\r\n    \"attributes\": {\r\n        \"dn\": \"uni/tn-{{username}}\"/ap-aProf/epg-web/rsprov-out-to-web\",\r\n        \"status\": \"deleted\"\r\n    },\r\n}",
							"options": {
								"raw": {
									"language": "json"
								}
							}
						},
						"url": {
							"raw": "{{baseurl}}/api/node/mo/uni/tn-{{username}}/ap-aProf/epg-web/rsprov-out-to-web.json",
							"host": [
								"{{baseurl}}"
							],
							"path": [
								"api",
								"node",
								"mo",
								"uni",
								"tn-{{username}}",
								"ap-aProf",
								"epg-web",
								"rsprov-out-to-web.json"
							]
						}
					},
					"status": "Bad Request",
					"code": 400,
					"_postman_previewlanguage": "json",
					"header": [
						{
							"key": "Server",
							"value": "Cisco APIC"
						},
						{
							"key": "Date",
							"value": "Wed, 13 Jan 2021 21:36:11 GMT"
						},
						{
							"key": "Content-Type",
							"value": "application/json"
						},
						{
							"key": "Content-Length",
							"value": "118"
						},
						{
							"key": "Access-Control-Allow-Headers",
							"value": "Origin, X-Requested-With, Content-Type, Accept, DevCookie, APIC-challenge, Request-Tag"
						},
						{
							"key": "Access-Control-Allow-Methods",
							"value": "POST,GET,OPTIONS,DELETE"
						},
						{
							"key": "Access-Control-Allow-Origin",
							"value": "http://127.0.0.1:8000"
						},
						{
							"key": "Access-Control-Allow-Credentials",
							"value": "false"
						},
						{
							"key": "Set-Cookie",
							"value": "SRVNAME=apic3|X/9nz|X/9hJ; path=/"
						}
					],
					"cookie": [],
					"body": "{\n    \"totalCount\": \"1\",\n    \"imdata\": [\n        {\n            \"error\": {\n                \"attributes\": {\n                    \"code\": \"122\",\n                    \"text\": \"unknown managed object class attributes\"\n                }\n            }\n        }\n    ]\n}"
				}
			]
		},
		{
			"name": "1b. removeContractConsEpg",
			"request": {
				"method": "POST",
				"header": [
					{
						"key": "Content-Type",
						"type": "text",
						"value": "application/json"
					},
					{
						"key": "Accept",
						"type": "text",
						"value": "application/json"
					},
					{
						"key": "",
						"type": "text",
						"value": ""
					}
				],
				"body": {
					"mode": "raw",
					"raw": "{\r\n    \"fvRsCons\": {\r\n        \"attributes\": {\r\n            \"dn\": \"uni/tn-{{username}}/ap-aProf/epg-{{cons_epg}}/rscons-{{contract_name}}\",\r\n            \"status\": \"deleted\"\r\n        },\r\n        \"children\": []\r\n    }\r\n}",
					"options": {
						"raw": {
							"language": "json"
						}
					}
				},
				"url": {
					"raw": "{{aci_baseurl}}/api/node/mo/uni/tn-{{username}}/ap-aProf/epg-{{cons_epg}}/rscons-{{contract_name}}.json",
					"host": [
						"{{aci_baseurl}}"
					],
					"path": [
						"api",
						"node",
						"mo",
						"uni",
						"tn-{{username}}",
						"ap-aProf",
						"epg-{{cons_epg}}",
						"rscons-{{contract_name}}.json"
					]
				}
			},
			"response": [
				{
					"name": "removeContractEPG",
					"originalRequest": {
						"method": "POST",
						"header": [
							{
								"key": "Content-Type",
								"value": "application/json",
								"type": "text"
							},
							{
								"key": "Accept",
								"value": "application/json",
								"type": "text"
							}
						],
						"body": {
							"mode": "raw",
							"raw": "{\r\n    \"attributes\": {\r\n        \"dn\": \"uni/tn-{{username}}\"/ap-aProf/epg-web/rsprov-out-to-web\",\r\n        \"status\": \"deleted\"\r\n    },\r\n}",
							"options": {
								"raw": {
									"language": "json"
								}
							}
						},
						"url": {
							"raw": "{{baseurl}}/api/node/mo/uni/tn-{{username}}/ap-aProf/epg-web/rsprov-out-to-web.json",
							"host": [
								"{{baseurl}}"
							],
							"path": [
								"api",
								"node",
								"mo",
								"uni",
								"tn-{{username}}",
								"ap-aProf",
								"epg-web",
								"rsprov-out-to-web.json"
							]
						}
					},
					"status": "Bad Request",
					"code": 400,
					"_postman_previewlanguage": "json",
					"header": [
						{
							"key": "Server",
							"value": "Cisco APIC"
						},
						{
							"key": "Date",
							"value": "Wed, 13 Jan 2021 21:36:11 GMT"
						},
						{
							"key": "Content-Type",
							"value": "application/json"
						},
						{
							"key": "Content-Length",
							"value": "118"
						},
						{
							"key": "Access-Control-Allow-Headers",
							"value": "Origin, X-Requested-With, Content-Type, Accept, DevCookie, APIC-challenge, Request-Tag"
						},
						{
							"key": "Access-Control-Allow-Methods",
							"value": "POST,GET,OPTIONS,DELETE"
						},
						{
							"key": "Access-Control-Allow-Origin",
							"value": "http://127.0.0.1:8000"
						},
						{
							"key": "Access-Control-Allow-Credentials",
							"value": "false"
						},
						{
							"key": "Set-Cookie",
							"value": "SRVNAME=apic3|X/9nz|X/9hJ; path=/"
						}
					],
					"cookie": [],
					"body": "{\n    \"totalCount\": \"1\",\n    \"imdata\": [\n        {\n            \"error\": {\n                \"attributes\": {\n                    \"code\": \"122\",\n                    \"text\": \"unknown managed object class attributes\"\n                }\n            }\n        }\n    ]\n}"
				}
			]
		},
		{
			"name": "2. removeContractProvEpg",
			"request": {
				"method": "POST",
				"header": [
					{
						"key": "Content-Type",
						"value": "application/json",
						"type": "text"
					},
					{
						"key": "Accept",
						"value": "application/json",
						"type": "text"
					},
					{
						"key": "",
						"value": "",
						"type": "text"
					}
				],
				"body": {
					"mode": "raw",
					"raw": "{\r\n    \"fvRsProv\": {\r\n        \"attributes\": {\r\n            \"dn\": \"uni/tn-{{username}}/ap-aProf/epg-{{prov_epg}}/rsprov-{{contract_name}}\",\r\n            \"status\": \"deleted\"\r\n        },\r\n        \"children\": []\r\n    }\r\n}",
					"options": {
						"raw": {
							"language": "json"
						}
					}
				},
				"url": {
					"raw": "{{aci_baseurl}}/api/node/mo/uni/tn-{{username}}/ap-aProf/epg-{{prov_epg}}/rsprov-{{contract_name}}.json",
					"host": [
						"{{aci_baseurl}}"
					],
					"path": [
						"api",
						"node",
						"mo",
						"uni",
						"tn-{{username}}",
						"ap-aProf",
						"epg-{{prov_epg}}",
						"rsprov-{{contract_name}}.json"
					]
				}
			},
			"response": [
				{
					"name": "removeContractEPG",
					"originalRequest": {
						"method": "POST",
						"header": [
							{
								"key": "Content-Type",
								"value": "application/json",
								"type": "text"
							},
							{
								"key": "Accept",
								"value": "application/json",
								"type": "text"
							}
						],
						"body": {
							"mode": "raw",
							"raw": "{\r\n    \"attributes\": {\r\n        \"dn\": \"uni/tn-{{username}}\"/ap-aProf/epg-web/rsprov-out-to-web\",\r\n        \"status\": \"deleted\"\r\n    },\r\n}",
							"options": {
								"raw": {
									"language": "json"
								}
							}
						},
						"url": {
							"raw": "{{baseurl}}/api/node/mo/uni/tn-{{username}}/ap-aProf/epg-web/rsprov-out-to-web.json",
							"host": [
								"{{baseurl}}"
							],
							"path": [
								"api",
								"node",
								"mo",
								"uni",
								"tn-{{username}}",
								"ap-aProf",
								"epg-web",
								"rsprov-out-to-web.json"
							]
						}
					},
					"status": "Bad Request",
					"code": 400,
					"_postman_previewlanguage": "json",
					"header": [
						{
							"key": "Server",
							"value": "Cisco APIC"
						},
						{
							"key": "Date",
							"value": "Wed, 13 Jan 2021 21:36:11 GMT"
						},
						{
							"key": "Content-Type",
							"value": "application/json"
						},
						{
							"key": "Content-Length",
							"value": "118"
						},
						{
							"key": "Access-Control-Allow-Headers",
							"value": "Origin, X-Requested-With, Content-Type, Accept, DevCookie, APIC-challenge, Request-Tag"
						},
						{
							"key": "Access-Control-Allow-Methods",
							"value": "POST,GET,OPTIONS,DELETE"
						},
						{
							"key": "Access-Control-Allow-Origin",
							"value": "http://127.0.0.1:8000"
						},
						{
							"key": "Access-Control-Allow-Credentials",
							"value": "false"
						},
						{
							"key": "Set-Cookie",
							"value": "SRVNAME=apic3|X/9nz|X/9hJ; path=/"
						}
					],
					"cookie": [],
					"body": "{\n    \"totalCount\": \"1\",\n    \"imdata\": [\n        {\n            \"error\": {\n                \"attributes\": {\n                    \"code\": \"122\",\n                    \"text\": \"unknown managed object class attributes\"\n                }\n            }\n        }\n    ]\n}"
				}
			]
		},
		{
			"name": "3. removeApplyGraph",
			"request": {
				"method": "POST",
				"header": [],
				"body": {
					"mode": "raw",
					"raw": "{\r\n    \"fvTenant\": {\r\n        \"attributes\": {\r\n            \"dn\": \"uni/tn-{{username}}\",\r\n            \"status\": \"modified\"\r\n        },\r\n        \"children\": [\r\n            {\r\n                \"vzBrCP\": {\r\n                    \"attributes\": {\r\n                        \"dn\": \"uni/tn-{{username}}/brc-{{contract_name}}\",\r\n                        \"status\": \"modified\"\r\n                    },\r\n                    \"children\": [\r\n                        {\r\n                            \"vzSubj\": {\r\n                                \"attributes\": {\r\n                                    \"dn\": \"uni/tn-{{username}}/brc-{{contract_name}}/subj-fabric_to_fw\",\r\n                                    \"status\": \"modified\"\r\n                                },\r\n                                \"children\": [\r\n                                    {\r\n                                        \"vzRsSubjGraphAtt\": {\r\n                                            \"attributes\": {\r\n                                                \"dn\": \"uni/tn-{{username}}/brc-{{contract_name}}/subj-fabric_to_fw/rsSubjGraphAtt\",\r\n                                                \"status\": \"deleted\"\r\n                                            },\r\n                                            \"children\": []\r\n                                        }\r\n                                    }\r\n                                ]\r\n                            }\r\n                        }\r\n                    ]\r\n                }\r\n            },\r\n            {\r\n                \"vnsLDevCtx\": {\r\n                    \"attributes\": {\r\n                        \"dn\": \"uni/tn-{{username}}/ldevCtx-c-{{contract_name}}-g-ftd-graph-n-N1\",\r\n                        \"status\": \"deleted\"\r\n                    },\r\n                    \"children\": []\r\n                }\r\n            }\r\n        ]\r\n    }\r\n}",
					"options": {
						"raw": {
							"language": "json"
						}
					}
				},
				"url": {
					"raw": "{{aci_baseurl}}/api/node/mo/uni/tn-{{username}}.json",
					"host": [
						"{{aci_baseurl}}"
					],
					"path": [
						"api",
						"node",
						"mo",
						"uni",
						"tn-{{username}}.json"
					]
				}
			},
			"response": []
		}
	],
	"event": [
		{
			"listen": "prerequest",
			"script": {
				"type": "text/javascript",
				"exec": [
					""
				]
			}
		},
		{
			"listen": "test",
			"script": {
				"type": "text/javascript",
				"exec": [
					""
				]
			}
		}
	]
}