{
	"info": {
		"_postman_id": "bd8ef9a5-a9fa-4626-afb1-d2168cb745b8",
		"name": "5-aci-vzAny",
		"schema": "https://schema.getpostman.com/json/collection/v2.1.0/collection.json"
	},
	"item": [
		{
			"name": "0. auth",
			"request": {
				"auth": {
					"type": "noauth"
				},
				"method": "POST",
				"header": [],
				"body": {
					"mode": "raw",
					"raw": "{\r\n    \"aaaUser\": {\r\n        \"attributes\": {\r\n            \"name\": \"{{username}}\",\r\n            \"pwd\": \"{{password}}\"\r\n        }\r\n    }\r\n}",
					"options": {
						"raw": {
							"language": "json"
						}
					}
				},
				"url": {
					"raw": "https://{{apic}}/api/aaaLogin.json",
					"protocol": "https",
					"host": [
						"{{apic}}"
					],
					"path": [
						"api",
						"aaaLogin.json"
					]
				}
			},
			"response": []
		},
		{
			"name": "1. addContractVzAny",
			"request": {
				"method": "POST",
				"header": [],
				"body": {
					"mode": "raw",
					"raw": "{\r\n    \"totalCount\": \"1\",\r\n    \"imdata\": [\r\n        {\r\n            \"vzBrCP\": {\r\n                \"attributes\": {\r\n                    \"annotation\": \"\",\r\n                    \"descr\": \"\",\r\n                    \"dn\": \"uni/tn-{{username}}/brc-{{contract_name}}\",\r\n                    \"intent\": \"install\",\r\n                    \"name\": \"{{contract_name}}\",\r\n                    \"nameAlias\": \"\",\r\n                    \"ownerKey\": \"\",\r\n                    \"ownerTag\": \"\",\r\n                    \"prio\": \"unspecified\",\r\n                    \"scope\": \"context\",\r\n                    \"targetDscp\": \"unspecified\",\r\n                    \"userdom\": \":all:common:SecDo-{{username}}:\"\r\n                },\r\n                \"children\": [\r\n                    {\r\n                        \"vzSubj\": {\r\n                            \"attributes\": {\r\n                                \"annotation\": \"\",\r\n                                \"consMatchT\": \"AtleastOne\",\r\n                                \"descr\": \"\",\r\n                                \"name\": \"fabric_to_fw\",\r\n                                \"nameAlias\": \"\",\r\n                                \"prio\": \"unspecified\",\r\n                                \"provMatchT\": \"AtleastOne\",\r\n                                \"revFltPorts\": \"yes\",\r\n                                \"targetDscp\": \"unspecified\",\r\n                                \"userdom\": \":all:common:SecDo-{{username}}:\"\r\n                            },\r\n                            \"children\": [\r\n                                {\r\n                                    \"vzRsSubjFiltAtt\": {\r\n                                        \"attributes\": {\r\n                                            \"action\": \"permit\",\r\n                                            \"annotation\": \"\",\r\n                                            \"directives\": \"\",\r\n                                            \"priorityOverride\": \"default\",\r\n                                            \"tnVzFilterName\": \"ssh\",\r\n                                            \"userdom\": \":all:common:SecDo-{{username}}:\"\r\n                                        }\r\n                                    }\r\n                                },\r\n                                {\r\n                                    \"vzRsSubjFiltAtt\": {\r\n                                        \"attributes\": {\r\n                                            \"action\": \"permit\",\r\n                                            \"annotation\": \"\",\r\n                                            \"directives\": \"\",\r\n                                            \"priorityOverride\": \"default\",\r\n                                            \"tnVzFilterName\": \"http\",\r\n                                            \"userdom\": \":all:common:SecDo-{{username}}:\"\r\n                                        }\r\n                                    }\r\n                                },\r\n                                {\r\n                                    \"vzRsSubjFiltAtt\": {\r\n                                        \"attributes\": {\r\n                                            \"action\": \"permit\",\r\n                                            \"annotation\": \"\",\r\n                                            \"directives\": \"\",\r\n                                            \"priorityOverride\": \"default\",\r\n                                            \"tnVzFilterName\": \"udp_5001\",\r\n                                            \"userdom\": \":all:common:SecDo-{{username}}:\"\r\n                                        }\r\n                                    }\r\n                                },\r\n                                {\r\n                                    \"vzRsSubjFiltAtt\": {\r\n                                        \"attributes\": {\r\n                                            \"action\": \"permit\",\r\n                                            \"annotation\": \"\",\r\n                                            \"directives\": \"\",\r\n                                            \"priorityOverride\": \"default\",\r\n                                            \"tnVzFilterName\": \"icmp\",\r\n                                            \"userdom\": \":all:common:SecDo-{{username}}:\"\r\n                                        }\r\n                                    }\r\n                                },\r\n                                {\r\n                                    \"vzRsSubjGraphAtt\": {\r\n                                        \"attributes\": {\r\n                                            \"annotation\": \"\",\r\n                                            \"directives\": \"\",\r\n                                            \"tnVnsAbsGraphName\": \"\",\r\n                                            \"userdom\": \":all:common:SecDo-{{username}}:\"\r\n                                        }\r\n                                    }\r\n                                }\r\n                            ]\r\n                        }\r\n                    },\r\n                    {\r\n                        \"vzSubj\": {\r\n                            \"attributes\": {\r\n                                \"annotation\": \"\",\r\n                                \"consMatchT\": \"AtleastOne\",\r\n                                \"descr\": \"\",\r\n                                \"name\": \"fabric_only\",\r\n                                \"nameAlias\": \"\",\r\n                                \"prio\": \"unspecified\",\r\n                                \"provMatchT\": \"AtleastOne\",\r\n                                \"revFltPorts\": \"yes\",\r\n                                \"targetDscp\": \"unspecified\",\r\n                                \"userdom\": \":all:common:SecDo-{{username}}:\"\r\n                            },\r\n                            \"children\": [\r\n                                {\r\n                                    \"vzRsSubjFiltAtt\": {\r\n                                        \"attributes\": {\r\n                                            \"action\": \"permit\",\r\n                                            \"annotation\": \"\",\r\n                                            \"directives\": \"\",\r\n                                            \"priorityOverride\": \"default\",\r\n                                            \"tnVzFilterName\": \"default\",\r\n                                            \"userdom\": \":all:common:SecDo-{{username}}:\"\r\n                                        }\r\n                                    }\r\n                                }\r\n                            ]\r\n                        }\r\n                    }\r\n                ]\r\n            }\r\n        }\r\n    ]\r\n}",
					"options": {
						"raw": {
							"language": "json"
						}
					}
				},
				"url": {
					"raw": "{{aci_baseurl}}/api/node/mo/uni/tn-{{username}}.json",
					"host": [
						"{{aci_baseurl}}"
					],
					"path": [
						"api",
						"node",
						"mo",
						"uni",
						"tn-{{username}}.json"
					]
				}
			},
			"response": []
		},
		{
			"name": "2. applyGraphToVzAny",
			"request": {
				"method": "POST",
				"header": [],
				"body": {
					"mode": "raw",
					"raw": "{\r\n    \"fvTenant\": {\r\n        \"attributes\": {\r\n            \"dn\": \"uni/tn-{{username}}\",\r\n            \"status\": \"modified\"\r\n        },\r\n        \"children\": [\r\n            {\r\n                \"vzBrCP\": {\r\n                    \"attributes\": {\r\n                        \"dn\": \"uni/tn-{{username}}/brc-{{contract_name}}\",\r\n                        \"status\": \"modified\"\r\n                    },\r\n                    \"children\": [\r\n                        {\r\n                            \"vzSubj\": {\r\n                                \"attributes\": {\r\n                                    \"dn\": \"uni/tn-{{username}}/brc-{{contract_name}}/subj-fabric_to_fw\",\r\n                                    \"status\": \"modified\"\r\n                                },\r\n                                \"children\": [\r\n                                    {\r\n                                        \"vzRsSubjGraphAtt\": {\r\n                                            \"attributes\": {\r\n                                                \"tnVnsAbsGraphName\": \"ftd-graph\",\r\n                                                \"status\": \"created,modified\"\r\n                                            },\r\n                                            \"children\": []\r\n                                        }\r\n                                    }\r\n                                ]\r\n                            }\r\n                        }\r\n                    ]\r\n                }\r\n            },\r\n            {\r\n                \"fvCtx\": {\r\n                    \"attributes\": {\r\n                        \"dn\": \"uni/tn-{{username}}/ctx-internalVRF\",\r\n                        \"status\": \"modified\"\r\n                    },\r\n                    \"children\": [\r\n                        {\r\n                            \"vzAny\": {\r\n                                \"attributes\": {\r\n                                    \"dn\": \"uni/tn-{{username}}/ctx-internalVRF/any\",\r\n                                    \"status\": \"modified\"\r\n                                },\r\n                                \"children\": [\r\n                                    {\r\n                                        \"vzRsAnyToCons\": {\r\n                                            \"attributes\": {\r\n                                                \"tnVzBrCPName\": \"{{contract_name}}\",\r\n                                                \"status\": \"created,modified\"\r\n                                            },\r\n                                            \"children\": []\r\n                                        }\r\n                                    },\r\n                                    {\r\n                                        \"vzRsAnyToProv\": {\r\n                                            \"attributes\": {\r\n                                                \"tnVzBrCPName\": \"{{contract_name}}\",\r\n                                                \"status\": \"created,modified\"\r\n                                            },\r\n                                            \"children\": []\r\n                                        }\r\n                                    }\r\n                                ]\r\n                            }\r\n                        }\r\n                    ]\r\n                }\r\n            },\r\n            {\r\n                \"vnsLDevCtx\": {\r\n                    \"attributes\": {\r\n                        \"dn\": \"uni/tn-{{username}}/ldevCtx-c-{{contract_name}}-g-ftd-graph-n-N1\",\r\n                        \"ctrctNameOrLbl\": \"{{contract_name}}\",\r\n                        \"graphNameOrLbl\": \"ftd-graph\",\r\n                        \"nodeNameOrLbl\": \"N1\",\r\n                        \"status\": \"created,modified\",\r\n                        \"rn\": \"ldevCtx-c-{{contract_name}}-g-ftd-graph-n-N1\"\r\n                    },\r\n                    \"children\": [\r\n                        {\r\n                            \"vnsLIfCtx\": {\r\n                                \"attributes\": {\r\n                                    \"dn\": \"uni/tn-{{username}}/ldevCtx-c-{{contract_name}}-g-ftd-graph-n-N1/lIfCtx-c-consumer\",\r\n                                    \"connNameOrLbl\": \"consumer\",\r\n                                    \"status\": \"created,modified\",\r\n                                    \"rn\": \"lIfCtx-c-consumer\"\r\n                                },\r\n                                \"children\": [\r\n                                    {\r\n                                        \"vnsRsLIfCtxToBD\": {\r\n                                            \"attributes\": {\r\n                                                \"tDn\": \"uni/tn-{{username}}/BD-SBD-1\",\r\n                                                \"status\": \"created,modified\"\r\n                                            },\r\n                                            \"children\": []\r\n                                        }\r\n                                    },\r\n                                    {\r\n                                        \"vnsRsLIfCtxToLIf\": {\r\n                                            \"attributes\": {\r\n                                                \"tDn\": \"uni/tn-{{username}}/lDevVip-ftd-ha/lIf-out-to-web\",\r\n                                                \"status\": \"created,modified\"\r\n                                            },\r\n                                            \"children\": []\r\n                                        }\r\n                                    },\r\n                                    {\r\n                                        \"vnsRsLIfCtxToSvcRedirectPol\": {\r\n                                            \"attributes\": {\r\n                                                \"tDn\": \"uni/tn-{{username}}/svcCont/svcRedirectPol-pbr-out-to-web\",\r\n                                                \"status\": \"created,modified\"\r\n                                            },\r\n                                            \"children\": []\r\n                                        }\r\n                                    }\r\n                                ]\r\n                            }\r\n                        },\r\n                        {\r\n                            \"vnsLIfCtx\": {\r\n                                \"attributes\": {\r\n                                    \"dn\": \"uni/tn-{{username}}/ldevCtx-c-{{contract_name}}-g-ftd-graph-n-N1/lIfCtx-c-provider\",\r\n                                    \"connNameOrLbl\": \"provider\",\r\n                                    \"status\": \"created,modified\",\r\n                                    \"rn\": \"lIfCtx-c-provider\"\r\n                                },\r\n                                \"children\": [\r\n                                    {\r\n                                        \"vnsRsLIfCtxToBD\": {\r\n                                            \"attributes\": {\r\n                                                \"tDn\": \"uni/tn-{{username}}/BD-SBD-1\",\r\n                                                \"status\": \"created,modified\"\r\n                                            },\r\n                                            \"children\": []\r\n                                        }\r\n                                    },\r\n                                    {\r\n                                        \"vnsRsLIfCtxToLIf\": {\r\n                                            \"attributes\": {\r\n                                                \"tDn\": \"uni/tn-{{username}}/lDevVip-ftd-ha/lIf-out-to-web\",\r\n                                                \"status\": \"created,modified\"\r\n                                            },\r\n                                            \"children\": []\r\n                                        }\r\n                                    },\r\n                                    {\r\n                                        \"vnsRsLIfCtxToSvcRedirectPol\": {\r\n                                            \"attributes\": {\r\n                                                \"tDn\": \"uni/tn-{{username}}/svcCont/svcRedirectPol-pbr-out-to-web\",\r\n                                                \"status\": \"created,modified\"\r\n                                            },\r\n                                            \"children\": []\r\n                                        }\r\n                                    }\r\n                                ]\r\n                            }\r\n                        },\r\n                        {\r\n                            \"vnsRsLDevCtxToLDev\": {\r\n                                \"attributes\": {\r\n                                    \"tDn\": \"uni/tn-{{username}}/lDevVip-ftd-ha\",\r\n                                    \"status\": \"created,modified\"\r\n                                },\r\n                                \"children\": []\r\n                            }\r\n                        }\r\n                    ]\r\n                }\r\n            }\r\n        ]\r\n    }\r\n}",
					"options": {
						"raw": {
							"language": "json"
						}
					}
				},
				"url": {
					"raw": "{{aci_baseurl}}/api/node/mo/uni/tn-{{username}}.json",
					"host": [
						"{{aci_baseurl}}"
					],
					"path": [
						"api",
						"node",
						"mo",
						"uni",
						"tn-{{username}}.json"
					]
				}
			},
			"response": []
		},
		{
			"name": "1. removeContractToVrf",
			"request": {
				"method": "POST",
				"header": [],
				"body": {
					"mode": "raw",
					"raw": "{\r\n    \"totalCount\": \"1\",\r\n    \"imdata\": [\r\n        {\r\n            \"vzAny\": {\r\n                \"attributes\": {\r\n                    \"annotation\": \"\",\r\n                    \"descr\": \"\",\r\n                    \"dn\": \"uni/tn-{{username}}/ctx-internalVRF/any\",\r\n                    \"matchT\": \"AtleastOne\",\r\n                    \"name\": \"\",\r\n                    \"nameAlias\": \"\",\r\n                    \"prefGrMemb\": \"disabled\",\r\n                    \"userdom\": \"all\"\r\n                },\r\n                \"children\": [\r\n                    {\r\n                        \"vzRsAnyToCons\": {\r\n                            \"attributes\": {\r\n                                \"annotation\": \"\",\r\n                                \"intent\": \"install\",\r\n                                \"status: \"deleted\",\r\n                                \"prio\": \"unspecified\",\r\n                                \"tnVzBrCPName\": \"{{contract_name}}\",\r\n                                \"userdom\": \":all:common:SecDo-{{username}}:\"\r\n                            }\r\n                        }\r\n                    },\r\n                    {\r\n                        \"vzRsAnyToProv\": {\r\n                            \"attributes\": {\r\n                                \"annotation\": \"\",\r\n                                \"intent\": \"install\",\r\n                                \"status: \"deleted\",\r\n                                \"matchT\": \"AtleastOne\",\r\n                                \"prio\": \"unspecified\",\r\n                                \"tnVzBrCPName\": \"{{contract_name}}\",\r\n                                \"userdom\": \":all:common:SecDo-{{username}}:\"\r\n                            }\r\n                        }\r\n                    }\r\n                ]\r\n            }\r\n        }\r\n    ]\r\n}",
					"options": {
						"raw": {
							"language": "json"
						}
					}
				},
				"url": {
					"raw": "{{aci_baseurl}}/api/node/mo/uni/tn-{{username}}.json",
					"host": [
						"{{aci_baseurl}}"
					],
					"path": [
						"api",
						"node",
						"mo",
						"uni",
						"tn-{{username}}.json"
					]
				}
			},
			"response": []
		},
		{
			"name": "2. removeApplyGraphOnVzAny",
			"request": {
				"method": "POST",
				"header": [],
				"body": {
					"mode": "raw",
					"raw": "{\r\n    \"fvTenant\": {\r\n        \"attributes\": {\r\n            \"dn\": \"uni/tn-{{username}}\",\r\n            \"status\": \"modified\"\r\n        },\r\n        \"children\": [\r\n            {\r\n                \"vzBrCP\": {\r\n                    \"attributes\": {\r\n                        \"dn\": \"uni/tn-{{username}}/brc-{{contract_name}}\",\r\n                        \"status\": \"modified\"\r\n                    },\r\n                    \"children\": [\r\n                        {\r\n                            \"vzSubj\": {\r\n                                \"attributes\": {\r\n                                    \"dn\": \"uni/tn-{{username}}/brc-{{contract_name}}/subj-fabric_to_fw\",\r\n                                    \"status\": \"modified\"\r\n                                },\r\n                                \"children\": [\r\n                                    {\r\n                                        \"vzRsSubjGraphAtt\": {\r\n                                            \"attributes\": {\r\n                                                \"dn\": \"uni/tn-{{username}}/brc-{{contract_name}}/subj-fabric_to_fw/rsSubjGraphAtt\",\r\n                                                \"status\": \"deleted\"\r\n                                            },\r\n                                            \"children\": []\r\n                                        }\r\n                                    }\r\n                                ]\r\n                            }\r\n                        }\r\n                    ]\r\n                }\r\n            },\r\n            {\r\n                \"vnsLDevCtx\": {\r\n                    \"attributes\": {\r\n                        \"dn\": \"uni/tn-{{username}}/ldevCtx-c-{{contract_name}}-g-ftd-graph-n-N1\",\r\n                        \"status\": \"deleted\"\r\n                    },\r\n                    \"children\": []\r\n                }\r\n            }\r\n        ]\r\n    }\r\n}",
					"options": {
						"raw": {
							"language": "json"
						}
					}
				},
				"url": {
					"raw": "{{aci_baseurl}}/api/node/mo/uni/tn-{{username}}.json",
					"host": [
						"{{aci_baseurl}}"
					],
					"path": [
						"api",
						"node",
						"mo",
						"uni",
						"tn-{{username}}.json"
					]
				}
			},
			"response": []
		}
	]
}