{
	"info": {
		"_postman_id": "3b94d8ba-c16a-4235-a6e6-c1cf3d570d3d",
		"name": "extras",
		"schema": "https://schema.getpostman.com/json/collection/v2.1.0/collection.json"
	},
	"item": [
		{
			"name": "deleteVrfId",
			"event": [
				{
					"listen": "test",
					"script": {
						"exec": [
							"console.log(pm.response.json().items);\r",
							"var resObj = pm.response.json().items\r",
							"for(var i=0; i< resObj.length; i++) {\r",
							"    console.log(\"name: \"+ resObj[i].name + \" - ID \" + resObj[i].id)\r",
							"    if (resObj[i].name == \"GigabitEthernet0/0\") {\r",
							"        pm.globals.set(\"fw1_nic_id\", resObj[i].id)\r",
							"    }\r",
							"    if (resObj[i].name == \"GigabitEthernet0/1\") {\r",
							"        pm.globals.set(\"out-to-web_nic_id\", resObj[i].id)\r",
							"    }\r",
							"    if (resObj[i].name == \"GigabitEthernet0/2\") {\r",
							"        pm.globals.set(\"web-to-app_nic_id\", resObj[i].id)\r",
							"    }\r",
							"    if (resObj[i].name == \"GigabitEthernet0/3\") {\r",
							"        pm.globals.set(\"app-to-db_nic_id\", resObj[i].id)\r",
							"    }\r",
							"}"
						],
						"type": "text/javascript"
					}
				}
			],
			"request": {
				"method": "DELETE",
				"header": [
					{
						"key": "X-auth-access-token",
						"value": "{{token}}",
						"type": "text"
					}
				],
				"url": {
					"raw": "{{baseurl}}/api/fmc_config/v1/domain/default/devices/devicerecords/{{vFTD1}}/routing/virtualrouters/{{rtr_id}}",
					"host": [
						"{{baseurl}}"
					],
					"path": [
						"api",
						"fmc_config",
						"v1",
						"domain",
						"default",
						"devices",
						"devicerecords",
						"{{vFTD1}}",
						"routing",
						"virtualrouters",
						"{{rtr_id}}"
					]
				}
			},
			"response": []
		},
		{
			"name": "getRoutes",
			"event": [
				{
					"listen": "test",
					"script": {
						"exec": [
							"console.log(pm.response.json().items);\r",
							"var resObj = pm.response.json().items\r",
							"for(var i=0; i< resObj.length; i++) {\r",
							"    console.log(\"name: \"+ resObj[i].name + \" - ID \" + resObj[i].id)\r",
							"    if (resObj[i].name == \"GigabitEthernet0/0\") {\r",
							"        pm.globals.set(\"fw1_nic_id\", resObj[i].id)\r",
							"    }\r",
							"    if (resObj[i].name == \"GigabitEthernet0/1\") {\r",
							"        pm.globals.set(\"out-to-web_nic_id\", resObj[i].id)\r",
							"    }\r",
							"    if (resObj[i].name == \"GigabitEthernet0/2\") {\r",
							"        pm.globals.set(\"web-to-app_nic_id\", resObj[i].id)\r",
							"    }\r",
							"    if (resObj[i].name == \"GigabitEthernet0/3\") {\r",
							"        pm.globals.set(\"app-to-db_nic_id\", resObj[i].id)\r",
							"    }\r",
							"}"
						],
						"type": "text/javascript"
					}
				}
			],
			"request": {
				"method": "GET",
				"header": [
					{
						"key": "X-auth-access-token",
						"value": "{{token}}",
						"type": "text"
					}
				],
				"url": {
					"raw": "{{baseurl}}/api/fmc_config/v1/domain/{{domainid}}/devices/devicerecords/{{vFTD1}}/routing/virtualrouters",
					"host": [
						"{{baseurl}}"
					],
					"path": [
						"api",
						"fmc_config",
						"v1",
						"domain",
						"{{domainid}}",
						"devices",
						"devicerecords",
						"{{vFTD1}}",
						"routing",
						"virtualrouters"
					]
				}
			},
			"response": []
		},
		{
			"name": "recordVrfIds",
			"event": [
				{
					"listen": "test",
					"script": {
						"exec": [
							"console.log(pm.response.json().items);\r",
							"var resObj = pm.response.json().items\r",
							"for(var i=0; i< resObj.length; i++) {\r",
							"    console.log(\"name: \"+ resObj[i].name + \" - ID \" + resObj[i].id)\r",
							"    if (resObj[i].name == \"out-to-web\") {\r",
							"        pm.globals.set(\"out_rtr_id\", resObj[i].id)\r",
							"    }\r",
							"    if (resObj[i].name == \"web-to-app\") {\r",
							"        pm.globals.set(\"web_rtr_id\", resObj[i].id)\r",
							"    }\r",
							"    if (resObj[i].name == \"app-to-db\") {\r",
							"        pm.globals.set(\"app_rtr_id\", resObj[i].id)\r",
							"    }\r",
							"}"
						],
						"type": "text/javascript"
					}
				}
			],
			"request": {
				"method": "GET",
				"header": [
					{
						"key": "X-auth-access-token",
						"value": "{{token}}",
						"type": "text"
					}
				],
				"url": {
					"raw": "{{baseurl}}/api/fmc_config/v1/domain/{{domainid}}/devices/devicerecords/{{vFTD1}}/routing/virtualrouters",
					"host": [
						"{{baseurl}}"
					],
					"path": [
						"api",
						"fmc_config",
						"v1",
						"domain",
						"{{domainid}}",
						"devices",
						"devicerecords",
						"{{vFTD1}}",
						"routing",
						"virtualrouters"
					]
				}
			},
			"response": []
		}
	],
	"event": [
		{
			"listen": "prerequest",
			"script": {
				"type": "text/javascript",
				"exec": [
					""
				]
			}
		},
		{
			"listen": "test",
			"script": {
				"type": "text/javascript",
				"exec": [
					""
				]
			}
		}
	]
}