{
	"id": "146e52f0-fd32-4814-8e58-8a3c0f4d5eb7",
	"values": [
		{
			"key": "username",
			"value": "",
			"enabled": true
		},
		{
			"key": "password",
			"value": "",
			"enabled": true
		},
		{
			"key": "baseurl",
			"value": "https://csr:44330",
			"enabled": true
		},
		{
			"key": "token",
			"value": "",
			"enabled": true
		},
		{
			"key": "tokenrefresh",
			"value": "",
			"enabled": true
		},
		{
			"key": "domainid",
			"value": "",
			"enabled": true
		},
		{
			"key": "vFTD1",
			"value": "",
			"enabled": true
		},
		{
			"key": "vFTD2",
			"value": "",
			"enabled": true
		},
		{
			"key": "fw2_nic_id",
			"value": "",
			"enabled": true
		},
		{
			"key": "fw1_nic_id",
			"value": "",
			"enabled": true
		},
		{
			"key": "task_id",
			"value": "",
			"enabled": true
		},
		{
			"key": "app-to-db_nic_id",
			"value": "",
			"enabled": true
		},
		{
			"key": "out-to-web_nic_id",
			"value": "",
			"enabled": true
		},
		{
			"key": "web-to-app_nic_id",
			"value": "",
			"enabled": true
		},
		{
			"key": "app_rtr_id",
			"value": "",
			"enabled": false
		},
		{
			"key": "out_rtr_id",
			"value": "",
			"enabled": false
		},
		{
			"key": "web_rtr_id",
			"value": "",
			"enabled": false
		},
		{
			"key": "aci_baseurl",
			"value": "",
			"enabled": true
		},
		{
			"key": "apic",
			"value": "",
			"enabled": true
		},
		{
			"key": "csr",
			"value": "",
			"enabled": true
		},
		{
			"key": "vlan",
			"value": "",
			"enabled": true
		},
		{
			"key": "fmc_username",
			"value": "apiuser",
			"enabled": true
		},
		{
			"key": "fmc_password",
			"value": "cisco",
			"enabled": true
		},
		{
			"key": "nic_id",
			"value": "",
			"enabled": true
		},
		{
			"key": "out-to-web_rtr_id",
			"value": "",
			"enabled": true
		},
		{
			"key": "rtr_id",
			"value": "",
			"enabled": true
		},
		{
			"key": "web-to-app_rtr_id",
			"value": "",
			"enabled": true
		},
		{
			"key": "app-to-db_rtr_id",
			"value": "",
			"enabled": true
		}
	],
	"name": "My Workspace Globals",
	"_postman_variable_scope": "globals",
	"_postman_exported_at": "2021-01-14T18:28:51.995Z",
	"_postman_exported_using": "Postman/7.36.1"
}