{
	"id": "f60179ce-9571-485f-a2b2-02d55aa2dc73",
	"name": "web-to-app",
	"values": [
		{
			"key": "contract_name",
			"value": "web-to-app",
			"enabled": true
		},
		{
			"key": "sbd_name",
			"value": "SBD-2",
			"enabled": true
		},
		{
			"key": "cons_epg",
			"value": "web",
			"enabled": true
		},
		{
			"key": "prov_epg",
			"value": "app",
			"enabled": true
		},
		{
			"key": "nic_name",
			"value": "GigabitEthernet0/2",
			"enabled": true
		},
		{
			"key": "nic_ip",
			"value": "10.3.2.10",
			"enabled": true
		},
		{
			"key": "nic_mask",
			"value": "24",
			"enabled": true
		},
		{
			"key": "nic_mac",
			"value": "0000.0000.0210",
			"enabled": true
		},
		{
			"key": "nic_gateway",
			"value": "10.3.2.1",
			"enabled": true
		}
	],
	"_postman_variable_scope": "environment",
	"_postman_exported_at": "2021-01-14T18:28:11.217Z",
	"_postman_exported_using": "Postman/7.36.1"
}
