{
	"info": {
		"_postman_id": "fdd15c24-ade6-4a92-b9b1-eb8a45bc4558",
		"name": "3 - ftd-vars",
		"schema": "https://schema.getpostman.com/json/collection/v2.1.0/collection.json"
	},
	"item": [
		{
			"name": "auth",
			"event": [
				{
					"listen": "test",
					"script": {
						"exec": [
							"let mytoken = pm.response.headers.get(\"X-auth-access-token\")\r",
							"console.log(\"token is \", mytoken)\r",
							"pm.globals.set(\"token\", mytoken)\r",
							"\r",
							"let my_token_refresh = pm.response.headers.get(\"X-auth-refresh-token\")\r",
							"console.log(\"token refresh is \", my_token_refresh)\r",
							"pm.globals.set(\"tokenrefresh\", my_token_refresh)\r",
							"pm.globals.set(\"domainid\", (pm.response.headers.get(\"DOMAIN_UUID\")))\r",
							"console.log(\"Domain id is \", (pm.response.headers.get(\"DOMAIN_UUID\")))"
						],
						"type": "text/javascript"
					}
				}
			],
			"request": {
				"auth": {
					"type": "basic",
					"basic": [
						{
							"key": "password",
							"value": "{{fmc_password}}",
							"type": "string"
						},
						{
							"key": "username",
							"value": "{{fmc_username}}",
							"type": "string"
						}
					]
				},
				"method": "POST",
				"header": [],
				"url": {
					"raw": "{{baseurl}}/api/fmc_platform/v1/auth/generatetoken",
					"host": [
						"{{baseurl}}"
					],
					"path": [
						"api",
						"fmc_platform",
						"v1",
						"auth",
						"generatetoken"
					]
				}
			},
			"response": []
		},
		{
			"name": "nicConfig",
			"event": [
				{
					"listen": "prerequest",
					"script": {
						"exec": [
							"var nic_name = pm.variables.get('contract_name')\r",
							"var nic_key = nic_name + \"_nic_id\"\r",
							"//console.log(pm.variables.get(nic_key))\r",
							"var nic_id = pm.variables.get(nic_key)\r",
							"pm.globals.set(\"nic_id\", nic_id)\r",
							"console.log(\"nic name and ID is \"+nic_key, \" \"+nic_id)\r",
							""
						],
						"type": "text/javascript"
					}
				}
			],
			"request": {
				"method": "PUT",
				"header": [
					{
						"key": "X-auth-access-token",
						"type": "text",
						"value": "{{token}}"
					}
				],
				"body": {
					"mode": "raw",
					"raw": "{\r\n    \"type\": \"PhysicalInterface\",\r\n    \"mode\": \"NONE\",\r\n    \"id\": \"{{nic_id}}\",\r\n    \"enabled\": true,\r\n    \"description\": \"{{contract_name}}\",\r\n    \"name\": \"{{nic_name}}\",\r\n     \"ipv4\": {\r\n        \"static\": {\r\n            \"address\": \"{{nic_ip}}\",\r\n            \"netmask\": \"{{nic_mask}}\"\r\n        }\r\n    },\r\n    \"activeMACAddress\": \"{{nic_mac}}\",\r\n    \"enableSGTPropagate\": false,\r\n    \"ifname\": \"{{contract_name}}\",\r\n    \"securityZone\": {\r\n        \"name\": \"{{contract_name}}\",\r\n        \"interfaceMode\": \"ROUTED\",\r\n        \"type\": \"SecurityZone\"\r\n    },\r\n    \"managementOnly\": false\r\n}",
					"options": {
						"raw": {
							"language": "json"
						}
					}
				},
				"url": {
					"raw": "{{baseurl}}/api/fmc_config/v1/domain/{{domainid}}/devices/devicerecords/{{vFTD1}}/physicalinterfaces/{{nic_id}}",
					"host": [
						"{{baseurl}}"
					],
					"path": [
						"api",
						"fmc_config",
						"v1",
						"domain",
						"{{domainid}}",
						"devices",
						"devicerecords",
						"{{vFTD1}}",
						"physicalinterfaces",
						"{{nic_id}}"
					]
				}
			},
			"response": []
		},
		{
			"name": "zoneCreateAttach",
			"event": [
				{
					"listen": "prerequest",
					"script": {
						"exec": [
							"var nic_name = pm.variables.get('contract_name')\r",
							"var nic_key = nic_name + \"_nic_id\"\r",
							"//console.log(pm.variables.get(nic_key))\r",
							"var nic_id = pm.variables.get(nic_key)\r",
							"pm.globals.set(\"nic_id\", nic_id)\r",
							"console.log(\"nic name and ID is \"+nic_key, \" \"+nic_id)\r",
							""
						],
						"type": "text/javascript"
					}
				}
			],
			"request": {
				"method": "POST",
				"header": [
					{
						"key": "X-auth-access-token",
						"type": "text",
						"value": "{{token}}"
					}
				],
				"body": {
					"mode": "raw",
					"raw": "{\r\n    \"type\": \"SecurityZone\",\r\n    \"name\": \"{{contract_name}}\",\r\n    \"interfaceMode\": \"ROUTED\",\r\n    \"interfaces\": [\r\n        {\r\n            \"type\": \"PhysicalInterface\",\r\n            \"id\": \"{{nic_id}}\"\r\n        }\r\n    ]\r\n}",
					"options": {
						"raw": {
							"language": "json"
						}
					}
				},
				"url": {
					"raw": "{{baseurl}}/api/fmc_config/v1/domain/{{domainid}}/object/securityzones?bulk=true",
					"host": [
						"{{baseurl}}"
					],
					"path": [
						"api",
						"fmc_config",
						"v1",
						"domain",
						"{{domainid}}",
						"object",
						"securityzones"
					],
					"query": [
						{
							"key": "bulk",
							"value": "true"
						}
					]
				}
			},
			"response": []
		},
		{
			"name": "vrfCreate",
			"event": [
				{
					"listen": "test",
					"script": {
						"exec": [
							"console.log(pm.response.json());\r",
							"var resObj = pm.response.json().id\r",
							"var rtr_key = pm.variables.get('contract_name') + \"_rtr_id\"\r",
							"console.log(\"rtr key and id are \"+rtr_key, \"\"+resObj)\r",
							"pm.globals.set(rtr_key, resObj)\r",
							"pm.globals.set('rtr_id', resObj)"
						],
						"type": "text/javascript"
					}
				},
				{
					"listen": "prerequest",
					"script": {
						"exec": [
							"var nic_name = pm.variables.get('contract_name')\r",
							"var nic_key = nic_name + \"_nic_id\"\r",
							"//console.log(pm.variables.get(nic_key))\r",
							"var nic_id = pm.variables.get(nic_key)\r",
							"pm.globals.set(\"nic_id\", nic_id)\r",
							"console.log(\"nic name and ID is \"+nic_key, \" \"+nic_id)"
						],
						"type": "text/javascript"
					}
				}
			],
			"request": {
				"method": "POST",
				"header": [
					{
						"key": "X-auth-access-token",
						"type": "text",
						"value": "{{token}}"
					}
				],
				"body": {
					"mode": "raw",
					"raw": "{\r\n    \"type\": \"VirtualRouter\",\r\n    \"name\": \"{{contract_name}}\",\r\n    \"description\": \"\",\r\n    \"interfaces\": [\r\n        {\r\n            \"type\": \"PhysicalInterface\",\r\n            \"id\": \"{{nic_id}}\",\r\n            \"name\": \"{{contract_name}}\"\r\n        }\r\n    ]\r\n}",
					"options": {
						"raw": {
							"language": "json"
						}
					}
				},
				"url": {
					"raw": "{{baseurl}}/api/fmc_config/v1/domain/{{domainid}}/devices/devicerecords/{{vFTD1}}/routing/virtualrouters",
					"host": [
						"{{baseurl}}"
					],
					"path": [
						"api",
						"fmc_config",
						"v1",
						"domain",
						"{{domainid}}",
						"devices",
						"devicerecords",
						"{{vFTD1}}",
						"routing",
						"virtualrouters"
					]
				}
			},
			"response": []
		},
		{
			"name": "routeCreate",
			"event": [
				{
					"listen": "test",
					"script": {
						"exec": [
							""
						],
						"type": "text/javascript"
					}
				},
				{
					"listen": "prerequest",
					"script": {
						"exec": [
							"var nic_name = pm.variables.get('contract_name')\r",
							"var nic_key = nic_name + \"_nic_id\"\r",
							"//console.log(pm.variables.get(nic_key))\r",
							"var nic_id = pm.variables.get(nic_key)\r",
							"pm.globals.set(\"nic_id\", nic_id)\r",
							"console.log(\"nic name and ID is \"+nic_key, \" \"+nic_id)\r",
							"var rtr_key = nic_name + \"_rtr_id\"\r",
							"pm.globals.set('rtr_id', pm.variables.get(rtr_key))"
						],
						"type": "text/javascript"
					}
				}
			],
			"request": {
				"method": "POST",
				"header": [
					{
						"key": "X-auth-access-token",
						"value": "{{token}}",
						"type": "text"
					}
				],
				"body": {
					"mode": "raw",
					"raw": "{\r\n    \"interfaceName\": \"{{contract_name}}\",\r\n    \"selectedNetworks\": [\r\n        {\r\n            \"type\": \"Network\",\r\n            \"overridable\": false,\r\n            \"id\": \"cb7116e8-66a6-480b-8f9b-295191a0940a\",\r\n            \"name\": \"any-ipv4\"\r\n        }\r\n    ],\r\n    \"gateway\": {\r\n        \"literal\": {\r\n            \"type\": \"Host\",\r\n            \"value\": \"{{nic_gateway}}\"\r\n        }\r\n    },\r\n    \"metricValue\": 1,\r\n    \"type\": \"IPv4StaticRoute\",\r\n    \"isTunneled\": false\r\n}",
					"options": {
						"raw": {
							"language": "json"
						}
					}
				},
				"url": {
					"raw": "{{baseurl}}/api/fmc_config/v1/domain/{{domainid}}/devices/devicerecords/{{vFTD1}}/routing/virtualrouters/{{rtr_id}}/ipv4staticroutes",
					"host": [
						"{{baseurl}}"
					],
					"path": [
						"api",
						"fmc_config",
						"v1",
						"domain",
						"{{domainid}}",
						"devices",
						"devicerecords",
						"{{vFTD1}}",
						"routing",
						"virtualrouters",
						"{{rtr_id}}",
						"ipv4staticroutes"
					]
				}
			},
			"response": []
		},
		{
			"name": "deployConfig",
			"event": [
				{
					"listen": "test",
					"script": {
						"exec": [
							""
						],
						"type": "text/javascript"
					}
				}
			],
			"request": {
				"method": "POST",
				"header": [
					{
						"key": "X-auth-access-token",
						"type": "text",
						"value": "{{token}}"
					}
				],
				"body": {
					"mode": "raw",
					"raw": "{\r\n    \"type\": \"DeploymentRequest\",\r\n    \"version\": \"0\",\r\n    \"forceDeploy\": false,\r\n    \"ignoreWarning\": true,\r\n    \"deviceList\": [\r\n        \"{{vFTD1}}\"\r\n    ]\r\n}",
					"options": {
						"raw": {
							"language": "json"
						}
					}
				},
				"url": {
					"raw": "{{baseurl}}/api/fmc_config/v1/domain/{{domainid}}/deployment/deploymentrequests",
					"host": [
						"{{baseurl}}"
					],
					"path": [
						"api",
						"fmc_config",
						"v1",
						"domain",
						"{{domainid}}",
						"deployment",
						"deploymentrequests"
					]
				}
			},
			"response": []
		}
	],
	"event": [
		{
			"listen": "prerequest",
			"script": {
				"type": "text/javascript",
				"exec": [
					""
				]
			}
		},
		{
			"listen": "test",
			"script": {
				"type": "text/javascript",
				"exec": [
					""
				]
			}
		}
	]
}