{
	"info": {
		"_postman_id": "c41b8308-205b-426c-baf0-0d1fc6940a8b",
		"name": "6-aci-sym-pbr",
		"schema": "https://schema.getpostman.com/json/collection/v2.1.0/collection.json"
	},
	"item": [
		{
			"name": "@varsFromSessionFile",
			"event": [
				{
					"listen": "test",
					"script": {
						"exec": [
							"var resp = xml2Json(responseBody)\r",
							"var resp2 = resp.session\r",
							"var resp3 = resp.session\r",
							"pm.globals.set(\"username\", resp3.owner)\r",
							"pm.globals.set(\"password\", \"p\"+resp3.owner)\r",
							"pm.globals.set(\"csr\", resp3.csrIP)\r",
							"pm.globals.set(\"vlan\", resp3.vlan)\r",
							"pm.globals.set(\"session_id\", resp3.id)\r",
							"pm.globals.set(\"apic\", \"apic.svpod.dc-01.com\")\r",
							"pm.globals.set(\"aci_baseurl\", \"https://apic.svpod.dc-01.com\")\r",
							"console.log(resp3.owner)"
						],
						"type": "text/javascript"
					}
				},
				{
					"listen": "prerequest",
					"script": {
						"exec": [
							""
						],
						"type": "text/javascript"
					}
				}
			],
			"request": {
				"method": "GET",
				"header": [],
				"url": {
					"raw": "http://csr:8002/session.xml",
					"protocol": "http",
					"host": [
						"csr"
					],
					"port": "8002",
					"path": [
						"session.xml"
					]
				}
			},
			"response": []
		},
		{
			"name": "0. auth",
			"request": {
				"auth": {
					"type": "noauth"
				},
				"method": "POST",
				"header": [],
				"body": {
					"mode": "raw",
					"raw": "{\r\n    \"aaaUser\": {\r\n        \"attributes\": {\r\n            \"name\": \"{{username}}\",\r\n            \"pwd\": \"{{password}}\"\r\n        }\r\n    }\r\n}",
					"options": {
						"raw": {
							"language": "json"
						}
					}
				},
				"url": {
					"raw": "https://{{apic}}/api/aaaLogin.json",
					"protocol": "https",
					"host": [
						"{{apic}}"
					],
					"path": [
						"api",
						"aaaLogin.json"
					]
				}
			},
			"response": []
		},
		{
			"name": "1a. createIpSlaPolicy",
			"request": {
				"method": "POST",
				"header": [],
				"body": {
					"mode": "raw",
					"raw": "{\r\n    \"totalCount\": \"1\",\r\n    \"imdata\": [\r\n        {\r\n            \"fvIPSLAMonitoringPol\": {\r\n                \"attributes\": {\r\n                    \"annotation\": \"\",\r\n                    \"descr\": \"\",\r\n                    \"dn\": \"uni/tn-{{username}}/ipslaMonitoringPol-asav-sla\",\r\n                    \"httpMethod\": \"get\",\r\n                    \"httpUri\": \"\\/\",\r\n                    \"httpVersion\": \"HTTP10\",\r\n                    \"name\": \"asav-sla\",\r\n                    \"nameAlias\": \"\",\r\n                    \"ownerKey\": \"\",\r\n                    \"ownerTag\": \"\",\r\n                    \"slaDetectMultiplier\": \"3\",\r\n                    \"slaFrequency\": \"3\",\r\n                    \"slaPort\": \"0\",\r\n                    \"slaType\": \"icmp\",\r\n                    \"userdom\": \":all:common:SecDo-{{username}}:\"\r\n                }\r\n            }\r\n        }\r\n    ]\r\n}",
					"options": {
						"raw": {
							"language": "json"
						}
					}
				},
				"url": {
					"raw": "{{aci_baseurl}}/api/node/mo/uni/tn-{{username}}.json",
					"host": [
						"{{aci_baseurl}}"
					],
					"path": [
						"api",
						"node",
						"mo",
						"uni",
						"tn-{{username}}.json"
					]
				}
			},
			"response": []
		},
		{
			"name": "1b. createAsavHealthGroup1",
			"request": {
				"method": "POST",
				"header": [],
				"body": {
					"mode": "raw",
					"raw": "{\r\n    \"totalCount\": \"1\",\r\n    \"imdata\": [\r\n        {\r\n            \"vnsRedirectHealthGroup\": {\r\n                \"attributes\": {\r\n                    \"annotation\": \"\",\r\n                    \"descr\": \"\",\r\n                    \"dn\": \"uni/tn-{{username}}/svcCont/redirectHealthGroup-asav-hgroup-1\",\r\n                    \"name\": \"asav-hgroup-1\",\r\n                    \"nameAlias\": \"\",\r\n                    \"ownerKey\": \"\",\r\n                    \"ownerTag\": \"\",\r\n                    \"userdom\": \":all:common:SecDo-{{username}}:\"\r\n                }\r\n            }\r\n        }\r\n    ]\r\n}",
					"options": {
						"raw": {
							"language": "json"
						}
					}
				},
				"url": {
					"raw": "{{aci_baseurl}}/api/node/mo/uni/tn-{{username}}.json",
					"host": [
						"{{aci_baseurl}}"
					],
					"path": [
						"api",
						"node",
						"mo",
						"uni",
						"tn-{{username}}.json"
					]
				}
			},
			"response": []
		},
		{
			"name": "1c. createAsavHealthGroup2",
			"request": {
				"method": "POST",
				"header": [],
				"body": {
					"mode": "raw",
					"raw": "{\r\n    \"totalCount\": \"1\",\r\n    \"imdata\": [\r\n        {\r\n            \"vnsRedirectHealthGroup\": {\r\n                \"attributes\": {\r\n                    \"annotation\": \"\",\r\n                    \"descr\": \"\",\r\n                    \"dn\": \"uni/tn-{{username}}/svcCont/redirectHealthGroup-asav-hgroup-2\",\r\n                    \"name\": \"asav-hgroup-2\",\r\n                    \"nameAlias\": \"\",\r\n                    \"ownerKey\": \"\",\r\n                    \"ownerTag\": \"\",\r\n                    \"userdom\": \":all:common:SecDo-{{username}}:\"\r\n                }\r\n            }\r\n        }\r\n    ]\r\n}",
					"options": {
						"raw": {
							"language": "json"
						}
					}
				},
				"url": {
					"raw": "{{aci_baseurl}}/api/node/mo/uni/tn-{{username}}.json",
					"host": [
						"{{aci_baseurl}}"
					],
					"path": [
						"api",
						"node",
						"mo",
						"uni",
						"tn-{{username}}.json"
					]
				}
			},
			"response": []
		},
		{
			"name": "2. createPbRedirect",
			"request": {
				"method": "POST",
				"header": [],
				"body": {
					"mode": "raw",
					"raw": "{\r\n    \"totalCount\": \"1\",\r\n    \"imdata\": [\r\n        {\r\n            \"vnsSvcRedirectPol\": {\r\n                \"attributes\": {\r\n                    \"AnycastEnabled\": \"no\",\r\n                    \"annotation\": \"\",\r\n                    \"descr\": \"\",\r\n                    \"destType\": \"L3\",\r\n                    \"dn\": \"uni/tn-{{username}}/svcCont/svcRedirectPol-sym-pbr-asav-pool\",\r\n                    \"hashingAlgorithm\": \"sip-dip-prototype\",\r\n                    \"maxThresholdPercent\": \"0\",\r\n                    \"minThresholdPercent\": \"0\",\r\n                    \"name\": \"sym-pbr-asav-pool\",\r\n                    \"nameAlias\": \"\",\r\n                    \"ownerKey\": \"\",\r\n                    \"ownerTag\": \"\",\r\n                    \"programLocalPodOnly\": \"no\",\r\n                    \"resilientHashEnabled\": \"no\",\r\n                    \"srcMacRewriteEnabled\": \"no\",\r\n                    \"thresholdDownAction\": \"permit\",\r\n                    \"thresholdEnable\": \"no\",\r\n                    \"userdom\": \":all:common:SecDo-{{username}}:\"\r\n                },\r\n                \"children\": [\r\n                    {\r\n                        \"vnsRedirectDest\": {\r\n                            \"attributes\": {\r\n                                \"annotation\": \"\",\r\n                                \"descr\": \"\",\r\n                                \"destName\": \"\",\r\n                                \"ip\": \"10.3.1.10\",\r\n                                \"ip2\": \"0.0.0.0\",\r\n                                \"mac\": \"00:00:00:00:01:10\",\r\n                                \"name\": \"\",\r\n                                \"nameAlias\": \"\",\r\n                                \"podId\": \"1\",\r\n                                \"userdom\": \":all:common:SecDo-{{username}}:\"\r\n                            },\r\n                            \"children\": [\r\n                                {\r\n                                    \"vnsRsRedirectHealthGroup\": {\r\n                                        \"attributes\": {\r\n                                            \"annotation\": \"\",\r\n                                            \"tDn\": \"uni/tn-{{username}}/svcCont/redirectHealthGroup-asav-hgroup-1\",\r\n                                            \"userdom\": \":all:common:SecDo-{{username}}:\"\r\n                                        }\r\n                                    }\r\n                                }\r\n                            ]\r\n                        }\r\n                    },\r\n                    {\r\n                        \"vnsRedirectDest\": {\r\n                            \"attributes\": {\r\n                                \"annotation\": \"\",\r\n                                \"descr\": \"\",\r\n                                \"destName\": \"\",\r\n                                \"ip\": \"10.3.1.11\",\r\n                                \"ip2\": \"0.0.0.0\",\r\n                                \"mac\": \"00:00:00:00:01:11\",\r\n                                \"name\": \"\",\r\n                                \"nameAlias\": \"\",\r\n                                \"podId\": \"1\",\r\n                                \"userdom\": \":all:common:SecDo-{{username}}:\"\r\n                            },\r\n                            \"children\": [\r\n                                {\r\n                                    \"vnsRsRedirectHealthGroup\": {\r\n                                        \"attributes\": {\r\n                                            \"annotation\": \"\",\r\n                                            \"tDn\": \"uni/tn-{{username}}/svcCont/redirectHealthGroup-asav-hgroup-2\",\r\n                                            \"userdom\": \":all:common:SecDo-{{username}}:\"\r\n                                        }\r\n                                    }\r\n                                }\r\n                            ]\r\n                        }\r\n                    },\r\n                    {\r\n                        \"vnsRsIPSLAMonitoringPol\": {\r\n                            \"attributes\": {\r\n                                \"annotation\": \"\",\r\n                                \"tDn\": \"uni/tn-{{username}}/ipslaMonitoringPol-asav-sla\",\r\n                                \"userdom\": \":all:common:SecDo-{{username}}:\"\r\n                            }\r\n                        }\r\n                    }\r\n                ]\r\n            }\r\n        }\r\n    ]\r\n}",
					"options": {
						"raw": {
							"language": "json"
						}
					}
				},
				"url": {
					"raw": "{{aci_baseurl}}/api/node/mo/uni/tn-{{username}}.json",
					"host": [
						"{{aci_baseurl}}"
					],
					"path": [
						"api",
						"node",
						"mo",
						"uni",
						"tn-{{username}}.json"
					]
				},
				"description": "Paste into asav-pbr-1 putty tab:\r\n!\r\ninterface GigabitEthernet0/0\r\n mac-address 0000.0000.0110\r\n nameif pbr1\r\n security-level 0\r\n ip address 10.3.1.10 255.255.255.0\r\n no shutdown\r\nroute pbr1 0.0.0.0 0.0.0.0 10.3.1.1 1\r\n\r\nPaste into asav-pbr-2 putty tab:\r\n!\r\ninterface GigabitEthernet0/0\r\n mac-address 0000.0000.0111\r\n nameif pbr2\r\n security-level 0\r\n ip address 10.3.1.11 255.255.255.0\r\n no shutdown\r\nroute pbr2 0.0.0.0 0.0.0.0 10.3.1.1 1"
			},
			"response": []
		},
		{
			"name": "3. createAsavDevices",
			"request": {
				"method": "POST",
				"header": [],
				"body": {
					"mode": "raw",
					"raw": "{\r\n    \"totalCount\": \"1\",\r\n    \"imdata\": [\r\n        {\r\n            \"vnsLDevVip\": {\r\n                \"attributes\": {\r\n                    \"activeActive\": \"no\",\r\n                    \"annotation\": \"\",\r\n                    \"contextAware\": \"single-Context\",\r\n                    \"devtype\": \"VIRTUAL\",\r\n                    \"dn\": \"uni/tn-{{username}}/lDevVip-asav-pool\",\r\n                    \"funcType\": \"GoTo\",\r\n                    \"isCopy\": \"no\",\r\n                    \"managed\": \"no\",\r\n                    \"mode\": \"legacy-Mode\",\r\n                    \"name\": \"asav-pool\",\r\n                    \"nameAlias\": \"\",\r\n                    \"packageModel\": \"\",\r\n                    \"promMode\": \"no\",\r\n                    \"svcType\": \"FW\",\r\n                    \"trunking\": \"no\",\r\n                    \"userdom\": \":all:common:SecDo-{{username}}:\"\r\n                },\r\n                \"children\": [\r\n                    {\r\n                        \"vnsCDev\": {\r\n                            \"attributes\": {\r\n                                \"annotation\": \"\",\r\n                                \"cloneCount\": \"0\",\r\n                                \"devCtxLbl\": \"\",\r\n                                \"host\": \"\",\r\n                                \"isCloneOperation\": \"no\",\r\n                                \"isTemplate\": \"no\",\r\n                                \"name\": \"asav-pbr1\",\r\n                                \"nameAlias\": \"\",\r\n                                \"userdom\": \":all:common:SecDo-{{username}}:\",\r\n                                \"vcenterName\": \"vc60-aci-1\",\r\n                                \"vmName\": \"acisec-asav-pbr1-{{session_id}}\"\r\n                            },\r\n                            \"children\": [\r\n                                {\r\n                                    \"vnsCIf\": {\r\n                                        \"attributes\": {\r\n                                            \"annotation\": \"\",\r\n                                            \"encap\": \"unknown\",\r\n                                            \"name\": \"gig0/0\",\r\n                                            \"nameAlias\": \"\",\r\n                                            \"userdom\": \":all:common:SecDo-{{username}}:\",\r\n                                            \"vnicName\": \"Network adapter 2\"\r\n                                        }\r\n                                    }\r\n                                },\r\n                                {\r\n                                    \"vnsRsCDevToCtrlrP\": {\r\n                                        \"attributes\": {\r\n                                            \"annotation\": \"\",\r\n                                            \"tDn\": \"uni/vmmp-VMware/dom-vmware60-hybridcloud/ctrlr-vc60-aci-1\",\r\n                                            \"userdom\": \"all\"\r\n                                        }\r\n                                    }\r\n                                }\r\n                            ]\r\n                        }\r\n                    },\r\n                    {\r\n                        \"vnsCDev\": {\r\n                            \"attributes\": {\r\n                                \"annotation\": \"\",\r\n                                \"cloneCount\": \"0\",\r\n                                \"devCtxLbl\": \"\",\r\n                                \"host\": \"\",\r\n                                \"isCloneOperation\": \"no\",\r\n                                \"isTemplate\": \"no\",\r\n                                \"name\": \"asav-pbr2\",\r\n                                \"nameAlias\": \"\",\r\n                                \"userdom\": \":all:common:SecDo-{{username}}:\",\r\n                                \"vcenterName\": \"vc60-aci-1\",\r\n                                \"vmName\": \"acisec-asav-pbr2-{{session_id}}\"\r\n                            },\r\n                            \"children\": [\r\n                                {\r\n                                    \"vnsCIf\": {\r\n                                        \"attributes\": {\r\n                                            \"annotation\": \"\",\r\n                                            \"encap\": \"unknown\",\r\n                                            \"name\": \"gig0/0\",\r\n                                            \"nameAlias\": \"\",\r\n                                            \"userdom\": \":all:common:SecDo-{{username}}:\",\r\n                                            \"vnicName\": \"Network adapter 2\"\r\n                                        }\r\n                                    }\r\n                                },\r\n                                {\r\n                                    \"vnsRsCDevToCtrlrP\": {\r\n                                        \"attributes\": {\r\n                                            \"annotation\": \"\",\r\n                                            \"tDn\": \"uni/vmmp-VMware/dom-vmware60-hybridcloud/ctrlr-vc60-aci-1\",\r\n                                            \"userdom\": \"all\"\r\n                                        }\r\n                                    }\r\n                                }\r\n                            ]\r\n                        }\r\n                    },\r\n                    {\r\n                        \"vnsLIf\": {\r\n                            \"attributes\": {\r\n                                \"annotation\": \"\",\r\n                                \"encap\": \"unknown\",\r\n                                \"name\": \"gig0-0\",\r\n                                \"nameAlias\": \"\",\r\n                                \"userdom\": \":all:common:SecDo-{{username}}:\"\r\n                            },\r\n                            \"children\": [\r\n                                {\r\n                                    \"vnsRsCIfAttN\": {\r\n                                        \"attributes\": {\r\n                                            \"annotation\": \"\",\r\n                                            \"tDn\": \"uni/tn-{{username}}/lDevVip-asav-pool/cDev-asav-pbr2/cIf-[gig0/0]\",\r\n                                            \"userdom\": \":all:common:SecDo-{{username}}:\"\r\n                                        }\r\n                                    }\r\n                                },\r\n                                {\r\n                                    \"vnsRsCIfAttN\": {\r\n                                        \"attributes\": {\r\n                                            \"annotation\": \"\",\r\n                                            \"tDn\": \"uni/tn-{{username}}/lDevVip-asav-pool/cDev-asav-pbr1/cIf-[gig0/0]\",\r\n                                            \"userdom\": \":all:common:SecDo-{{username}}:\"\r\n                                        }\r\n                                    }\r\n                                }\r\n                            ]\r\n                        }\r\n                    },\r\n                    {\r\n                        \"vnsRsALDevToDomP\": {\r\n                            \"attributes\": {\r\n                                \"annotation\": \"\",\r\n                                \"switchingMode\": \"native\",\r\n                                \"tDn\": \"uni/vmmp-VMware/dom-vmware60-hybridcloud\",\r\n                                \"userdom\": \":all:common:SecDo-{{username}}:\"\r\n                            }\r\n                        }\r\n                    }\r\n                ]\r\n            }\r\n        }\r\n    ]\r\n}",
					"options": {
						"raw": {
							"language": "json"
						}
					}
				},
				"url": {
					"raw": "{{aci_baseurl}}/api/node/mo/uni/tn-{{username}}.json",
					"host": [
						"{{aci_baseurl}}"
					],
					"path": [
						"api",
						"node",
						"mo",
						"uni",
						"tn-{{username}}.json"
					]
				}
			},
			"response": []
		},
		{
			"name": "4. createGraphTemplateAsav",
			"request": {
				"method": "POST",
				"header": [],
				"body": {
					"mode": "raw",
					"raw": "{\r\n    \"totalCount\": \"1\",\r\n    \"imdata\": [\r\n        {\r\n            \"vnsAbsGraph\": {\r\n                \"attributes\": {\r\n                    \"annotation\": \"\",\r\n                    \"descr\": \"\",\r\n                    \"dn\": \"uni/tn-{{username}}/AbsGraph-asav-graph\",\r\n                    \"filterBetweenNodes\": \"allow-all\",\r\n                    \"name\": \"asav-graph\",\r\n                    \"nameAlias\": \"\",\r\n                    \"ownerKey\": \"\",\r\n                    \"ownerTag\": \"\",\r\n                    \"type\": \"legacy\",\r\n                    \"uiTemplateType\": \"UNSPECIFIED\",\r\n                    \"userdom\": \":all:common:SecDo-{{username}}:\"\r\n                },\r\n                \"children\": [\r\n                    {\r\n                        \"vnsAbsConnection\": {\r\n                            \"attributes\": {\r\n                                \"adjType\": \"L3\",\r\n                                \"annotation\": \"\",\r\n                                \"connDir\": \"provider\",\r\n                                \"connType\": \"external\",\r\n                                \"descr\": \"\",\r\n                                \"directConnect\": \"no\",\r\n                                \"name\": \"C1\",\r\n                                \"nameAlias\": \"\",\r\n                                \"ownerKey\": \"\",\r\n                                \"ownerTag\": \"\",\r\n                                \"unicastRoute\": \"yes\",\r\n                                \"userdom\": \":all:common:SecDo-{{username}}:\"\r\n                            },\r\n                            \"children\": [\r\n                                {\r\n                                    \"vnsRsAbsConnectionConns\": {\r\n                                        \"attributes\": {\r\n                                            \"annotation\": \"\",\r\n                                            \"tDn\": \"uni/tn-{{username}}/AbsGraph-asav-graph/AbsTermNodeCon-T1/AbsTConn\",\r\n                                            \"userdom\": \":all:common:SecDo-{{username}}:\"\r\n                                        }\r\n                                    }\r\n                                },\r\n                                {\r\n                                    \"vnsRsAbsConnectionConns\": {\r\n                                        \"attributes\": {\r\n                                            \"annotation\": \"\",\r\n                                            \"tDn\": \"uni/tn-{{username}}/AbsGraph-asav-graph/AbsNode-N1/AbsFConn-consumer\",\r\n                                            \"userdom\": \":all:common:SecDo-{{username}}:\"\r\n                                        }\r\n                                    }\r\n                                }\r\n                            ]\r\n                        }\r\n                    },\r\n                    {\r\n                        \"vnsAbsConnection\": {\r\n                            \"attributes\": {\r\n                                \"adjType\": \"L3\",\r\n                                \"annotation\": \"\",\r\n                                \"connDir\": \"provider\",\r\n                                \"connType\": \"external\",\r\n                                \"descr\": \"\",\r\n                                \"directConnect\": \"no\",\r\n                                \"name\": \"C2\",\r\n                                \"nameAlias\": \"\",\r\n                                \"ownerKey\": \"\",\r\n                                \"ownerTag\": \"\",\r\n                                \"unicastRoute\": \"yes\",\r\n                                \"userdom\": \":all:common:SecDo-{{username}}:\"\r\n                            },\r\n                            \"children\": [\r\n                                {\r\n                                    \"vnsRsAbsConnectionConns\": {\r\n                                        \"attributes\": {\r\n                                            \"annotation\": \"\",\r\n                                            \"tDn\": \"uni/tn-{{username}}/AbsGraph-asav-graph/AbsNode-N1/AbsFConn-provider\",\r\n                                            \"userdom\": \":all:common:SecDo-{{username}}:\"\r\n                                        }\r\n                                    }\r\n                                },\r\n                                {\r\n                                    \"vnsRsAbsConnectionConns\": {\r\n                                        \"attributes\": {\r\n                                            \"annotation\": \"\",\r\n                                            \"tDn\": \"uni/tn-{{username}}/AbsGraph-asav-graph/AbsTermNodeProv-T2/AbsTConn\",\r\n                                            \"userdom\": \":all:common:SecDo-{{username}}:\"\r\n                                        }\r\n                                    }\r\n                                }\r\n                            ]\r\n                        }\r\n                    },\r\n                    {\r\n                        \"vnsAbsNode\": {\r\n                            \"attributes\": {\r\n                                \"annotation\": \"\",\r\n                                \"descr\": \"\",\r\n                                \"funcTemplateType\": \"FW_ROUTED\",\r\n                                \"funcType\": \"GoTo\",\r\n                                \"isCopy\": \"no\",\r\n                                \"managed\": \"no\",\r\n                                \"name\": \"N1\",\r\n                                \"nameAlias\": \"\",\r\n                                \"ownerKey\": \"\",\r\n                                \"ownerTag\": \"\",\r\n                                \"routingMode\": \"Redirect\",\r\n                                \"sequenceNumber\": \"0\",\r\n                                \"shareEncap\": \"no\",\r\n                                \"userdom\": \":all:common:SecDo-{{username}}:\"\r\n                            },\r\n                            \"children\": [\r\n                                {\r\n                                    \"vnsAbsFuncConn\": {\r\n                                        \"attributes\": {\r\n                                            \"annotation\": \"\",\r\n                                            \"attNotify\": \"no\",\r\n                                            \"descr\": \"\",\r\n                                            \"deviceLIfName\": \"\",\r\n                                            \"name\": \"provider\",\r\n                                            \"nameAlias\": \"\",\r\n                                            \"ownerKey\": \"\",\r\n                                            \"ownerTag\": \"\",\r\n                                            \"userdom\": \":all:common:SecDo-{{username}}:\"\r\n                                        }\r\n                                    }\r\n                                },\r\n                                {\r\n                                    \"vnsAbsFuncConn\": {\r\n                                        \"attributes\": {\r\n                                            \"annotation\": \"\",\r\n                                            \"attNotify\": \"no\",\r\n                                            \"descr\": \"\",\r\n                                            \"deviceLIfName\": \"\",\r\n                                            \"name\": \"consumer\",\r\n                                            \"nameAlias\": \"\",\r\n                                            \"ownerKey\": \"\",\r\n                                            \"ownerTag\": \"\",\r\n                                            \"userdom\": \":all:common:SecDo-{{username}}:\"\r\n                                        }\r\n                                    }\r\n                                },\r\n                                {\r\n                                    \"vnsRsNodeToLDev\": {\r\n                                        \"attributes\": {\r\n                                            \"annotation\": \"\",\r\n                                            \"tDn\": \"uni/tn-{{username}}/lDevVip-asav-pool\",\r\n                                            \"userdom\": \":all:common:SecDo-{{username}}:\"\r\n                                        }\r\n                                    }\r\n                                }\r\n                            ]\r\n                        }\r\n                    },\r\n                    {\r\n                        \"vnsAbsTermNodeCon\": {\r\n                            \"attributes\": {\r\n                                \"annotation\": \"\",\r\n                                \"descr\": \"\",\r\n                                \"name\": \"T1\",\r\n                                \"nameAlias\": \"\",\r\n                                \"ownerKey\": \"\",\r\n                                \"ownerTag\": \"\",\r\n                                \"userdom\": \":all:common:SecDo-{{username}}:\"\r\n                            },\r\n                            \"children\": [\r\n                                {\r\n                                    \"vnsAbsTermConn\": {\r\n                                        \"attributes\": {\r\n                                            \"annotation\": \"\",\r\n                                            \"attNotify\": \"no\",\r\n                                            \"descr\": \"\",\r\n                                            \"deviceLIfName\": \"\",\r\n                                            \"name\": \"1\",\r\n                                            \"nameAlias\": \"\",\r\n                                            \"ownerKey\": \"\",\r\n                                            \"ownerTag\": \"\",\r\n                                            \"userdom\": \":all:common:SecDo-{{username}}:\"\r\n                                        }\r\n                                    }\r\n                                },\r\n                                {\r\n                                    \"vnsInTerm\": {\r\n                                        \"attributes\": {\r\n                                            \"annotation\": \"\",\r\n                                            \"descr\": \"\",\r\n                                            \"name\": \"\",\r\n                                            \"nameAlias\": \"\",\r\n                                            \"userdom\": \"all\"\r\n                                        }\r\n                                    }\r\n                                },\r\n                                {\r\n                                    \"vnsOutTerm\": {\r\n                                        \"attributes\": {\r\n                                            \"annotation\": \"\",\r\n                                            \"descr\": \"\",\r\n                                            \"name\": \"\",\r\n                                            \"nameAlias\": \"\",\r\n                                            \"userdom\": \"all\"\r\n                                        }\r\n                                    }\r\n                                }\r\n                            ]\r\n                        }\r\n                    },\r\n                    {\r\n                        \"vnsAbsTermNodeProv\": {\r\n                            \"attributes\": {\r\n                                \"annotation\": \"\",\r\n                                \"descr\": \"\",\r\n                                \"name\": \"T2\",\r\n                                \"nameAlias\": \"\",\r\n                                \"ownerKey\": \"\",\r\n                                \"ownerTag\": \"\",\r\n                                \"userdom\": \":all:common:SecDo-{{username}}:\"\r\n                            },\r\n                            \"children\": [\r\n                                {\r\n                                    \"vnsAbsTermConn\": {\r\n                                        \"attributes\": {\r\n                                            \"annotation\": \"\",\r\n                                            \"attNotify\": \"no\",\r\n                                            \"descr\": \"\",\r\n                                            \"deviceLIfName\": \"\",\r\n                                            \"name\": \"1\",\r\n                                            \"nameAlias\": \"\",\r\n                                            \"ownerKey\": \"\",\r\n                                            \"ownerTag\": \"\",\r\n                                            \"userdom\": \":all:common:SecDo-{{username}}:\"\r\n                                        }\r\n                                    }\r\n                                },\r\n                                {\r\n                                    \"vnsInTerm\": {\r\n                                        \"attributes\": {\r\n                                            \"annotation\": \"\",\r\n                                            \"descr\": \"\",\r\n                                            \"name\": \"\",\r\n                                            \"nameAlias\": \"\",\r\n                                            \"userdom\": \"all\"\r\n                                        }\r\n                                    }\r\n                                },\r\n                                {\r\n                                    \"vnsOutTerm\": {\r\n                                        \"attributes\": {\r\n                                            \"annotation\": \"\",\r\n                                            \"descr\": \"\",\r\n                                            \"name\": \"\",\r\n                                            \"nameAlias\": \"\",\r\n                                            \"userdom\": \"all\"\r\n                                        }\r\n                                    }\r\n                                }\r\n                            ]\r\n                        }\r\n                    }\r\n                ]\r\n            }\r\n        }\r\n    ]\r\n}",
					"options": {
						"raw": {
							"language": "json"
						}
					}
				},
				"url": {
					"raw": "{{aci_baseurl}}/api/node/mo/uni/tn-{{username}}.json",
					"host": [
						"{{aci_baseurl}}"
					],
					"path": [
						"api",
						"node",
						"mo",
						"uni",
						"tn-{{username}}.json"
					]
				}
			},
			"response": []
		},
		{
			"name": "5. applyGraphToVzany",
			"request": {
				"method": "POST",
				"header": [],
				"body": {
					"mode": "raw",
					"raw": "{\r\n    \"fvTenant\": {\r\n        \"attributes\": {\r\n            \"dn\": \"uni/tn-{{username}}\",\r\n            \"status\": \"modified\"\r\n        },\r\n        \"children\": [\r\n            {\r\n                \"vzBrCP\": {\r\n                    \"attributes\": {\r\n                        \"dn\": \"uni/tn-{{username}}/brc-{{contract_name}}\",\r\n                        \"status\": \"modified\"\r\n                    },\r\n                    \"children\": [\r\n                        {\r\n                            \"vzSubj\": {\r\n                                \"attributes\": {\r\n                                    \"dn\": \"uni/tn-{{username}}/brc-{{contract_name}}/subj-fabric_to_fw\",\r\n                                    \"status\": \"modified\"\r\n                                },\r\n                                \"children\": [\r\n                                    {\r\n                                        \"vzRsSubjGraphAtt\": {\r\n                                            \"attributes\": {\r\n                                                \"tnVnsAbsGraphName\": \"asav-graph\",\r\n                                                \"status\": \"created,modified\"\r\n                                            },\r\n                                            \"children\": []\r\n                                        }\r\n                                    }\r\n                                ]\r\n                            }\r\n                        }\r\n                    ]\r\n                }\r\n            },\r\n            {\r\n                \"fvCtx\": {\r\n                    \"attributes\": {\r\n                        \"dn\": \"uni/tn-{{username}}/ctx-internalVRF\",\r\n                        \"status\": \"modified\"\r\n                    },\r\n                    \"children\": [\r\n                        {\r\n                            \"vzAny\": {\r\n                                \"attributes\": {\r\n                                    \"dn\": \"uni/tn-{{username}}/ctx-internalVRF/any\",\r\n                                    \"status\": \"modified\"\r\n                                },\r\n                                \"children\": [\r\n                                    {\r\n                                        \"vzRsAnyToCons\": {\r\n                                            \"attributes\": {\r\n                                                \"tnVzBrCPName\": \"{{contract_name}}\",\r\n                                                \"status\": \"created,modified\"\r\n                                            },\r\n                                            \"children\": []\r\n                                        }\r\n                                    },\r\n                                    {\r\n                                        \"vzRsAnyToProv\": {\r\n                                            \"attributes\": {\r\n                                                \"tnVzBrCPName\": \"{{contract_name}}\",\r\n                                                \"status\": \"created,modified\"\r\n                                            },\r\n                                            \"children\": []\r\n                                        }\r\n                                    }\r\n                                ]\r\n                            }\r\n                        }\r\n                    ]\r\n                }\r\n            },\r\n            {\r\n                \"vnsLDevCtx\": {\r\n                    \"attributes\": {\r\n                        \"dn\": \"uni/tn-{{username}}/ldevCtx-c-{{contract_name}}-g-asav-graph-n-N1\",\r\n                        \"ctrctNameOrLbl\": \"{{contract_name}}\",\r\n                        \"graphNameOrLbl\": \"asav-graph\",\r\n                        \"nodeNameOrLbl\": \"N1\",\r\n                        \"status\": \"created,modified\",\r\n                        \"rn\": \"ldevCtx-c-{{contract_name}}-g-asav-graph-n-N1\"\r\n                    },\r\n                    \"children\": [\r\n                        {\r\n                            \"vnsLIfCtx\": {\r\n                                \"attributes\": {\r\n                                    \"dn\": \"uni/tn-{{username}}/ldevCtx-c-{{contract_name}}-g-asav-graph-n-N1/lIfCtx-c-consumer\",\r\n                                    \"connNameOrLbl\": \"consumer\",\r\n                                    \"status\": \"created,modified\",\r\n                                    \"rn\": \"lIfCtx-c-consumer\"\r\n                                },\r\n                                \"children\": [\r\n                                    {\r\n                                        \"vnsRsLIfCtxToBD\": {\r\n                                            \"attributes\": {\r\n                                                \"tDn\": \"uni/tn-{{username}}/BD-SBD-1\",\r\n                                                \"status\": \"created,modified\"\r\n                                            },\r\n                                            \"children\": []\r\n                                        }\r\n                                    },\r\n                                    {\r\n                                        \"vnsRsLIfCtxToLIf\": {\r\n                                            \"attributes\": {\r\n                                                \"tDn\": \"uni/tn-{{username}}/lDevVip-asav-pool/lIf-gig0-0\",\r\n                                                \"status\": \"created,modified\"\r\n                                            },\r\n                                            \"children\": []\r\n                                        }\r\n                                    },\r\n                                    {\r\n                                        \"vnsRsLIfCtxToSvcRedirectPol\": {\r\n                                            \"attributes\": {\r\n                                                \"tDn\": \"uni/tn-{{username}}/svcCont/svcRedirectPol-sym-pbr-asav-pool\",\r\n                                                \"status\": \"created,modified\"\r\n                                            },\r\n                                            \"children\": []\r\n                                        }\r\n                                    }\r\n                                ]\r\n                            }\r\n                        },\r\n                        {\r\n                            \"vnsLIfCtx\": {\r\n                                \"attributes\": {\r\n                                    \"dn\": \"uni/tn-{{username}}/ldevCtx-c-{{contract_name}}-g-asav-graph-n-N1/lIfCtx-c-provider\",\r\n                                    \"connNameOrLbl\": \"provider\",\r\n                                    \"status\": \"created,modified\",\r\n                                    \"rn\": \"lIfCtx-c-provider\"\r\n                                },\r\n                                \"children\": [\r\n                                    {\r\n                                        \"vnsRsLIfCtxToBD\": {\r\n                                            \"attributes\": {\r\n                                                \"tDn\": \"uni/tn-{{username}}/BD-SBD-1\",\r\n                                                \"status\": \"created,modified\"\r\n                                            },\r\n                                            \"children\": []\r\n                                        }\r\n                                    },\r\n                                    {\r\n                                        \"vnsRsLIfCtxToLIf\": {\r\n                                            \"attributes\": {\r\n                                                \"tDn\": \"uni/tn-{{username}}/lDevVip-asav-pool/lIf-gig0-0\",\r\n                                                \"status\": \"created,modified\"\r\n                                            },\r\n                                            \"children\": []\r\n                                        }\r\n                                    },\r\n                                    {\r\n                                        \"vnsRsLIfCtxToSvcRedirectPol\": {\r\n                                            \"attributes\": {\r\n                                                \"tDn\": \"uni/tn-{{username}}/svcCont/svcRedirectPol-sym-pbr-asav-pool\",\r\n                                                \"status\": \"created,modified\"\r\n                                            },\r\n                                            \"children\": []\r\n                                        }\r\n                                    }\r\n                                ]\r\n                            }\r\n                        },\r\n                        {\r\n                            \"vnsRsLDevCtxToLDev\": {\r\n                                \"attributes\": {\r\n                                    \"tDn\": \"uni/tn-{{username}}/lDevVip-asav-pool\",\r\n                                    \"status\": \"created,modified\"\r\n                                },\r\n                                \"children\": []\r\n                            }\r\n                        }\r\n                    ]\r\n                }\r\n            }\r\n        ]\r\n    }\r\n}",
					"options": {
						"raw": {
							"language": "json"
						}
					}
				},
				"url": {
					"raw": "{{aci_baseurl}}/api/node/mo/uni/tn-{{username}}.json",
					"host": [
						"{{aci_baseurl}}"
					],
					"path": [
						"api",
						"node",
						"mo",
						"uni",
						"tn-{{username}}.json"
					]
				}
			},
			"response": []
		},
		{
			"name": "1. removeContractToVrf",
			"request": {
				"method": "POST",
				"header": [],
				"body": {
					"mode": "raw",
					"raw": "{\r\n    \"totalCount\": \"1\",\r\n    \"imdata\": [\r\n        {\r\n            \"vzAny\": {\r\n                \"attributes\": {\r\n                    \"annotation\": \"\",\r\n                    \"descr\": \"\",\r\n                    \"dn\": \"uni/tn-{{username}}/ctx-internalVRF/any\",\r\n                    \"matchT\": \"AtleastOne\",\r\n                    \"name\": \"\",\r\n                    \"nameAlias\": \"\",\r\n                    \"prefGrMemb\": \"disabled\",\r\n                    \"userdom\": \"all\"\r\n                },\r\n                \"children\": [\r\n                    {\r\n                        \"vzRsAnyToCons\": {\r\n                            \"attributes\": {\r\n                                \"annotation\": \"\",\r\n                                \"intent\": \"install\",\r\n                                \"status: \"deleted\",\r\n                                \"prio\": \"unspecified\",\r\n                                \"tnVzBrCPName\": \"{{contract_name}}\",\r\n                                \"userdom\": \":all:common:SecDo-{{username}}:\"\r\n                            }\r\n                        }\r\n                    },\r\n                    {\r\n                        \"vzRsAnyToProv\": {\r\n                            \"attributes\": {\r\n                                \"annotation\": \"\",\r\n                                \"intent\": \"install\",\r\n                                \"status: \"deleted\",\r\n                                \"matchT\": \"AtleastOne\",\r\n                                \"prio\": \"unspecified\",\r\n                                \"tnVzBrCPName\": \"{{contract_name}}\",\r\n                                \"userdom\": \":all:common:SecDo-{{username}}:\"\r\n                            }\r\n                        }\r\n                    }\r\n                ]\r\n            }\r\n        }\r\n    ]\r\n}",
					"options": {
						"raw": {
							"language": "json"
						}
					}
				},
				"url": {
					"raw": "{{aci_baseurl}}/api/node/mo/uni/tn-{{username}}.json",
					"host": [
						"{{aci_baseurl}}"
					],
					"path": [
						"api",
						"node",
						"mo",
						"uni",
						"tn-{{username}}.json"
					]
				}
			},
			"response": []
		},
		{
			"name": "2. removeApplyGraphOnVzAny",
			"request": {
				"method": "POST",
				"header": [],
				"body": {
					"mode": "raw",
					"raw": "{\r\n    \"fvTenant\": {\r\n        \"attributes\": {\r\n            \"dn\": \"uni/tn-{{username}}\",\r\n            \"status\": \"modified\"\r\n        },\r\n        \"children\": [\r\n            {\r\n                \"vzBrCP\": {\r\n                    \"attributes\": {\r\n                        \"dn\": \"uni/tn-{{username}}/brc-{{contract_name}}\",\r\n                        \"status\": \"modified\"\r\n                    },\r\n                    \"children\": [\r\n                        {\r\n                            \"vzSubj\": {\r\n                                \"attributes\": {\r\n                                    \"dn\": \"uni/tn-{{username}}/brc-{{contract_name}}/subj-fabric_to_fw\",\r\n                                    \"status\": \"modified\"\r\n                                },\r\n                                \"children\": [\r\n                                    {\r\n                                        \"vzRsSubjGraphAtt\": {\r\n                                            \"attributes\": {\r\n                                                \"dn\": \"uni/tn-{{username}}/brc-{{contract_name}}/subj-fabric_to_fw/rsSubjGraphAtt\",\r\n                                                \"status\": \"deleted\"\r\n                                            },\r\n                                            \"children\": []\r\n                                        }\r\n                                    }\r\n                                ]\r\n                            }\r\n                        }\r\n                    ]\r\n                }\r\n            },\r\n            {\r\n                \"vnsLDevCtx\": {\r\n                    \"attributes\": {\r\n                        \"dn\": \"uni/tn-{{username}}/ldevCtx-c-{{contract_name}}-g-asav-graph-n-N1\",\r\n                        \"status\": \"deleted\"\r\n                    },\r\n                    \"children\": []\r\n                }\r\n            }\r\n        ]\r\n    }\r\n}",
					"options": {
						"raw": {
							"language": "json"
						}
					}
				},
				"url": {
					"raw": "{{aci_baseurl}}/api/node/mo/uni/tn-{{username}}.json",
					"host": [
						"{{aci_baseurl}}"
					],
					"path": [
						"api",
						"node",
						"mo",
						"uni",
						"tn-{{username}}.json"
					]
				}
			},
			"response": []
		}
	]
}