{
	"id": "5a33917e-f033-43b4-a510-55797c1b7fec",
	"name": "app-to-db",
	"values": [
		{
			"key": "contract_name",
			"value": "app-to-db",
			"enabled": true
		},
		{
			"key": "sbd_name",
			"value": "SBD-3",
			"enabled": true
		},
		{
			"key": "cons_epg",
			"value": "app",
			"enabled": true
		},
		{
			"key": "prov_epg",
			"value": "db",
			"enabled": true
		},
		{
			"key": "nic_name",
			"value": "GigabitEthernet0/3",
			"enabled": true
		},
		{
			"key": "nic_ip",
			"value": "10.3.3.10",
			"enabled": true
		},
		{
			"key": "nic_mask",
			"value": "24",
			"enabled": true
		},
		{
			"key": "nic_mac",
			"value": "0000.0000.0310",
			"enabled": true
		},
		{
			"key": "nic_gateway",
			"value": "10.3.3.1",
			"enabled": true
		}
	],
	"_postman_variable_scope": "environment",
	"_postman_exported_at": "2021-01-14T18:27:55.532Z",
	"_postman_exported_using": "Postman/7.36.1"
}