{
	"info": {
		"_postman_id": "f5b252db-ede9-43a6-9fa6-4956733d793a",
		"name": "1 - ftd-registration",
		"schema": "https://schema.getpostman.com/json/collection/v2.1.0/collection.json"
	},
	"item": [
		{
			"name": "auth",
			"event": [
				{
					"listen": "test",
					"script": {
						"exec": [
							"let mytoken = pm.response.headers.get(\"X-auth-access-token\")\r",
							"console.log(\"token is \", mytoken)\r",
							"pm.globals.set(\"token\", mytoken)\r",
							"\r",
							"let my_token_refresh = pm.response.headers.get(\"X-auth-refresh-token\")\r",
							"console.log(\"token refresh is \", my_token_refresh)\r",
							"pm.globals.set(\"tokenrefresh\", my_token_refresh)\r",
							"pm.globals.set(\"domainid\", (pm.response.headers.get(\"DOMAIN_UUID\")))\r",
							"console.log(\"Domain id is \", (pm.response.headers.get(\"DOMAIN_UUID\")))"
						],
						"type": "text/javascript"
					}
				}
			],
			"request": {
				"auth": {
					"type": "basic",
					"basic": [
						{
							"key": "username",
							"value": "apiuser",
							"type": "string"
						},
						{
							"key": "password",
							"value": "cisco",
							"type": "string"
						}
					]
				},
				"method": "POST",
				"header": [],
				"url": {
					"raw": "{{baseurl}}/api/fmc_platform/v1/auth/generatetoken",
					"host": [
						"{{baseurl}}"
					],
					"path": [
						"api",
						"fmc_platform",
						"v1",
						"auth",
						"generatetoken"
					]
				}
			},
			"response": []
		},
		{
			"name": "getPolicyId",
			"event": [
				{
					"listen": "test",
					"script": {
						"exec": [
							"console.log(pm.response.json().items);\r",
							"var resObj = pm.response.json().items\r",
							"for(var i=0; i< resObj.length; i++) {\r",
							"    console.log(\"name: \"+ resObj[i].name)\r",
							"    if (resObj[i].name == \"ftd-policy\") {\r",
							"        pm.globals.set(\"acp-policy\", resObj[i].id)\r",
							"    }\r",
							"}"
						],
						"type": "text/javascript"
					}
				}
			],
			"protocolProfileBehavior": {
				"disableBodyPruning": true
			},
			"request": {
				"method": "GET",
				"header": [
					{
						"key": "X-auth-access-token",
						"type": "text",
						"value": "{{token}}"
					}
				],
				"body": {
					"mode": "raw",
					"raw": "",
					"options": {
						"raw": {
							"language": "json"
						}
					}
				},
				"url": {
					"raw": "{{baseurl}}/api/fmc_config/v1/domain/{{domainid}}/policy/accesspolicies",
					"host": [
						"{{baseurl}}"
					],
					"path": [
						"api",
						"fmc_config",
						"v1",
						"domain",
						"{{domainid}}",
						"policy",
						"accesspolicies"
					]
				}
			},
			"response": []
		},
		{
			"name": "registerFtd-1",
			"event": [
				{
					"listen": "test",
					"script": {
						"exec": [
							""
						],
						"type": "text/javascript"
					}
				}
			],
			"request": {
				"method": "POST",
				"header": [
					{
						"key": "X-auth-access-token",
						"type": "text",
						"value": "{{token}}"
					}
				],
				"body": {
					"mode": "raw",
					"raw": "{\r\n    \"accessPolicy\": {\r\n        \"id\": \"{{acp-policy}}\",\r\n        \"type\": \"AccessPolicy\"\r\n    },\r\n    \"hostName\": \"10.0.0.51\",\r\n    \"keepLocalEvents\": false,\r\n    \"license_caps\": [\r\n        \"BASE\",\r\n        \"MALWARE\",\r\n        \"URLFilter\",\r\n        \"THREAT\"\r\n    ],\r\n    \"name\": \"vFTD1\",\r\n    \"regKey\": \"cisco123\",\r\n    \"type\": \"Device\",\r\n    \"version\": \"7.2.0\"\r\n}",
					"options": {
						"raw": {
							"language": "json"
						}
					}
				},
				"url": {
					"raw": "{{baseurl}}/api/fmc_config/v1/domain/{{domainid}}/devices/devicerecords",
					"host": [
						"{{baseurl}}"
					],
					"path": [
						"api",
						"fmc_config",
						"v1",
						"domain",
						"{{domainid}}",
						"devices",
						"devicerecords"
					]
				}
			},
			"response": []
		},
		{
			"name": "registerFtd-2",
			"event": [
				{
					"listen": "test",
					"script": {
						"exec": [
							""
						],
						"type": "text/javascript"
					}
				}
			],
			"request": {
				"method": "POST",
				"header": [
					{
						"key": "X-auth-access-token",
						"type": "text",
						"value": "{{token}}"
					}
				],
				"body": {
					"mode": "raw",
					"raw": "{\r\n    \"accessPolicy\": {\r\n        \"id\": \"{{acp-policy}}\",\r\n        \"type\": \"AccessPolicy\"\r\n    },\r\n    \"hostName\": \"10.0.0.52\",\r\n    \"keepLocalEvents\": false,\r\n    \"license_caps\": [\r\n        \"BASE\",\r\n        \"MALWARE\",\r\n        \"URLFilter\",\r\n        \"THREAT\"\r\n    ],\r\n    \"name\": \"vFTD2\",\r\n    \"regKey\": \"cisco123\",\r\n    \"type\": \"Device\",\r\n    \"version\": \"7.2.0\"\r\n}",
					"options": {
						"raw": {
							"language": "json"
						}
					}
				},
				"url": {
					"raw": "{{baseurl}}/api/fmc_config/v1/domain/{{domainid}}/devices/devicerecords",
					"host": [
						"{{baseurl}}"
					],
					"path": [
						"api",
						"fmc_config",
						"v1",
						"domain",
						"{{domainid}}",
						"devices",
						"devicerecords"
					]
				}
			},
			"response": []
		}
	]
}
