{
	"info": {
		"_postman_id": "3f0a1a9d-79ba-4635-a2ea-49aa1eee4b43",
		"name": "2 - ftd-ha",
		"schema": "https://schema.getpostman.com/json/collection/v2.1.0/collection.json"
	},
	"item": [
		{
			"name": "auth",
			"event": [
				{
					"listen": "test",
					"script": {
						"exec": [
							"let mytoken = pm.response.headers.get(\"X-auth-access-token\")\r",
							"console.log(\"token is \", mytoken)\r",
							"pm.globals.set(\"token\", mytoken)\r",
							"\r",
							"let my_token_refresh = pm.response.headers.get(\"X-auth-refresh-token\")\r",
							"console.log(\"token refresh is \", my_token_refresh)\r",
							"pm.globals.set(\"tokenrefresh\", my_token_refresh)\r",
							"pm.globals.set(\"domainid\", (pm.response.headers.get(\"DOMAIN_UUID\")))\r",
							"console.log(\"Domain id is \", (pm.response.headers.get(\"DOMAIN_UUID\")))"
						],
						"type": "text/javascript"
					}
				}
			],
			"request": {
				"auth": {
					"type": "basic",
					"basic": [
						{
							"key": "username",
							"value": "apiuser",
							"type": "string"
						},
						{
							"key": "password",
							"value": "cisco",
							"type": "string"
						}
					]
				},
				"method": "POST",
				"header": [],
				"url": {
					"raw": "{{baseurl}}/api/fmc_platform/v1/auth/generatetoken",
					"host": [
						"{{baseurl}}"
					],
					"path": [
						"api",
						"fmc_platform",
						"v1",
						"auth",
						"generatetoken"
					]
				}
			},
			"response": []
		},
		{
			"name": "getDeviceIdByName",
			"event": [
				{
					"listen": "test",
					"script": {
						"exec": [
							"console.log(pm.response.json().items);\r",
							"var resObj = pm.response.json().items\r",
							"for(var i=0; i< resObj.length; i++) {\r",
							"    console.log(\"name: \"+ resObj[i].name)\r",
							"    //pm.globals.set(resObj[i].name, (JSON.stringify(resObj[i].id)))\r",
							"    pm.globals.set(resObj[i].name, resObj[i].id)\r",
							"\r",
							"}"
						],
						"type": "text/javascript"
					}
				}
			],
			"request": {
				"method": "GET",
				"header": [
					{
						"key": "X-auth-access-token",
						"value": "{{token}}",
						"type": "text"
					}
				],
				"url": {
					"raw": "{{baseurl}}/api/fmc_config/v1/domain/{{domainid}}/devices/devicerecords",
					"host": [
						"{{baseurl}}"
					],
					"path": [
						"api",
						"fmc_config",
						"v1",
						"domain",
						"{{domainid}}",
						"devices",
						"devicerecords"
					]
				}
			},
			"response": []
		},
		{
			"name": "getInterfaceId",
			"event": [
				{
					"listen": "test",
					"script": {
						"exec": [
							"console.log(pm.response.json().items);\r",
							"var resObj = pm.response.json().items\r",
							"for(var i=0; i< resObj.length; i++) {\r",
							"    console.log(\"name: \"+ resObj[i].name + \" - ID \" + resObj[i].id)\r",
							"    if (resObj[i].name == \"GigabitEthernet0/0\") {\r",
							"        pm.globals.set(\"fw1_nic_id\", resObj[i].id)\r",
							"    }\r",
							"    if (resObj[i].name == \"GigabitEthernet0/1\") {\r",
							"        pm.globals.set(\"out-to-web_nic_id\", resObj[i].id)\r",
							"    }\r",
							"    if (resObj[i].name == \"GigabitEthernet0/2\") {\r",
							"        pm.globals.set(\"web-to-app_nic_id\", resObj[i].id)\r",
							"    }\r",
							"    if (resObj[i].name == \"GigabitEthernet0/3\") {\r",
							"        pm.globals.set(\"app-to-db_nic_id\", resObj[i].id)\r",
							"    }\r",
							"}"
						],
						"type": "text/javascript"
					}
				}
			],
			"request": {
				"method": "GET",
				"header": [
					{
						"key": "X-auth-access-token",
						"value": "{{token}}",
						"type": "text"
					}
				],
				"url": {
					"raw": "{{baseurl}}/api/fmc_config/v1/domain/{{domainid}}/devices/devicerecords/{{vFTD1}}/physicalinterfaces",
					"host": [
						"{{baseurl}}"
					],
					"path": [
						"api",
						"fmc_config",
						"v1",
						"domain",
						"{{domainid}}",
						"devices",
						"devicerecords",
						"{{vFTD1}}",
						"physicalinterfaces"
					]
				}
			},
			"response": []
		},
		{
			"name": "buildFtdHa",
			"event": [
				{
					"listen": "test",
					"script": {
						"exec": [
							"console.log(pm.response.json().metadata.task);\r",
							"var tempObj = pm.response.json().metadata\r",
							"var resObj = tempObj.task\r",
							"console.log(\"name: \"+ resObj.name + \" - ID \" + resObj.status)       \r",
							"pm.globals.set(\"task_id\", resObj.id)\r",
							""
						],
						"type": "text/javascript"
					}
				}
			],
			"request": {
				"method": "POST",
				"header": [
					{
						"key": "X-auth-access-token",
						"value": "{{token}}",
						"type": "text"
					}
				],
				"body": {
					"mode": "raw",
					"raw": "{\r\n    \"primary\": {\r\n        \"id\": \"{{vFTD1}}\"\r\n    },\r\n    \"secondary\": {\r\n        \"id\": \"{{vFTD2}}\"\r\n    },\r\n    \"name\": \"ftdha\",\r\n    \"type\": \"DeviceHAPair\",\r\n    \"ftdHABootstrap\": {\r\n        \"isEncryptionEnabled\": \"false\",\r\n        \"encKeyGenerationScheme\": \"CUSTOM\",\r\n        \"sharedKey\": \"cisco123\",\r\n        \"useSameLinkForFailovers\": \"true\",\r\n        \"lanFailover\": {\r\n            \"useIPv6Address\": \"false\",\r\n            \"subnetMask\": \"255.255.255.0\",\r\n            \"interfaceObject\": {\r\n                \"id\": \"{{fw1_nic_id}}\",\r\n                \"type\": \"PhysicalInterface\",\r\n                \"name\": \"GigabitEthernet0/0\"\r\n            },\r\n            \"standbyIP\": \"10.250.1.2\",\r\n            \"logicalName\": \"falink\",\r\n            \"activeIP\": \"10.250.1.1\"\r\n        }\r\n    }\r\n}",
					"options": {
						"raw": {
							"language": "json"
						}
					}
				},
				"url": {
					"raw": "{{baseurl}}/api/fmc_config/v1/domain/{{domainid}}/devicehapairs/ftddevicehapairs",
					"host": [
						"{{baseurl}}"
					],
					"path": [
						"api",
						"fmc_config",
						"v1",
						"domain",
						"{{domainid}}",
						"devicehapairs",
						"ftddevicehapairs"
					]
				}
			},
			"response": []
		}
	]
}