{
	"id": "1b9dcbaf-428f-4319-8b44-16c6daa9f70a",
	"name": "out-to-web",
	"values": [
		{
			"key": "sbd_name",
			"value": "SBD-1",
			"enabled": true
		},
		{
			"key": "cons_epg",
			"value": "out",
			"enabled": true
		},
		{
			"key": "prov_epg",
			"value": "web",
			"enabled": true
		},
		{
			"key": "contract_name",
			"value": "out-to-web",
			"enabled": true
		},
		{
			"key": "nic_name",
			"value": "GigabitEthernet0/1",
			"enabled": true
		},
		{
			"key": "nic_ip",
			"value": "10.3.1.10",
			"enabled": true
		},
		{
			"key": "nic_mask",
			"value": "24",
			"enabled": true
		},
		{
			"key": "nic_mac",
			"value": "0000.0000.0110",
			"enabled": true
		},
		{
			"key": "nic_gateway",
			"value": "10.3.1.1",
			"enabled": true
		}
	],
	"_postman_variable_scope": "environment",
	"_postman_exported_at": "2021-01-14T18:28:05.304Z",
	"_postman_exported_using": "Postman/7.36.1"
}