{
	"id": "ca1e1b52-f771-45fb-80c2-48e21c814c96",
	"name": "vzAny-to-vzAny",
	"values": [
		{
			"key": "sbd_name",
			"value": "SBD-1",
			"enabled": true
		},
		{
			"key": "cons_epg",
			"value": "out",
			"enabled": true
		},
		{
			"key": "prov_epg",
			"value": "web",
			"enabled": true
		},
		{
			"key": "contract_name",
			"value": "vzAny-to-vzAny",
			"enabled": true
		},
		{
			"key": "nic_name",
			"value": "GigabitEthernet0/1",
			"enabled": true
		},
		{
			"key": "nic_ip",
			"value": "10.3.1.10",
			"enabled": true
		},
		{
			"key": "nic_mask",
			"value": "24",
			"enabled": true
		},
		{
			"key": "nic_mac",
			"value": "0000.0000.0110",
			"enabled": true
		},
		{
			"key": "nic_gateway",
			"value": "10.3.1.1",
			"enabled": true
		}
	],
	"_postman_variable_scope": "environment",
	"_postman_exported_at": "2021-02-24T18:33:35.717Z",
	"_postman_exported_using": "Postman/7.36.3"
}
